player,nation,age,mp,min,90s Played,gls,ast,g+a,g-pk,pk,pkatt,Yellow Cards,Red Cards,xg,npxg,xag,npxg+xag,Progressive Carries,Progressive Passes,Progressive Passes Received,Goals scored per 90 minutes,Assists per 90 minutes,Goal+ Assist per 90 minutes,g-pk per 90 minutes,g+a-pk per 90 minutes,xg per 90 minutes,xag per 90 minutes,xg+xag per 90 minutes,npxg per 90 minutes,npxg+xag per 90 minutes,achievements,df_progressive_passes_rec_90,df_tackles_90,df_interceptions_90,df_blocks_90,df_clearances_90,df_aerials_won_90,mf_shot_creating_actions_90,mf_passes_attempted_90,mf_pass_completion_pct,mf_progressive_passes_90,mf_progressive_carries_90,mf_progressive_passes_rec_90,mf_tackles_90,mf_interceptions_90,mf_blocks_90,mf_clearances_90,mf_aerials_won_90,gk_save_percentage,gk_psxg_per_sot,gk_save_pct_penalty_kicks,gk_clean_sheet_percentage,gk_crosses_stopped_pct,gk_def_actions_outside_pen_area,gk_avg_distance_of_def_actions,Position,Date of birth / Age,Height,Foot,Market value,Club,League,role,prog_carries_90_any,prog_passes_rec_90_any,prog_passes_90_any,yc_90,rc_90,fwd_score,mf_score,df_score,gk_score,fwd_rank,mf_rank,df_rank,gk_rank,_market_value_eur,fwd_underrated,mf_underrated,df_underrated,gk_underrated,fwd_underrated_rank,mf_underrated_rank,df_underrated_rank,gk_underrated_rank
Raphinha,Brazil,27,57,4649.0,51.7,34.0,22.0,56.0,32.0,2.0,2.0,7.0,0.0,25.1,23.5,20.1,43.6,140.0,193.0,494.0,0.66,0.43,1.08,0.62,1.05,0.56,0.45,1.01,0.52,0.97,"2024-25 La Liga Best Player, 2x La Liga Champion",,,,,,,5.29,46.3,71.9,4.23,3.14,11.1,1.18,0.42,0.85,0.67,0.22,,,,,,,,Left Winger,14.12.1996 (28),"1,76m",left,€90.00m,Barcelona,La Liga,FWD,3.14,11.1,4.23,0.13539651837524178,0.0,0.7322542108464128,,,,5.0,,,,90000000.0,8.136157898293477e-09,,,,6.0,,,
Pedri,Spain,21,59,4618.0,51.3,6.0,8.0,14.0,6.0,0.0,0.0,3.0,0.0,2.6,2.6,9.5,12.1,123.0,474.0,178.0,0.12,0.16,0.27,0.12,0.27,0.06,0.21,0.27,0.06,0.27,2x La Liga Champion,,,,,,,5.35,83.0,88.1,10.93,2.75,4.0,2.2,0.8,1.6,0.58,0.18,,,,,,,,Central Midfield,25.11.2002 (22),"1,74m",right,€140.00m,Barcelona,La Liga,MF,2.75,4.0,10.93,0.058479532163742694,0.0,,1.1307288082653864,,,,2.0,,,140000000.0,,8.07663434475276e-09,,,,4.0,,
Lamine Yamal,Spain,17,55,4532.0,50.4,18.0,21.0,39.0,18.0,0.0,0.0,3.0,0.0,14.0,14.0,16.1,30.1,255.0,222.0,585.0,0.36,0.42,0.77,0.36,0.77,0.32,0.37,0.69,0.32,0.69,2024-25 La Liga Champion,,,,,,,,,,,,,,,,,,,,,,,,,Right Winger,13.07.2007 (17),"1,80m",left,€200.00m,Barcelona,La Liga,FWD,5.059523809523809,11.607142857142858,4.404761904761905,0.05952380952380953,0.0,-0.0936351182246779,,,,12.0,,,,200000000.0,-4.681755911233895e-10,,,,10.0,,,
Jules Koundé,France,25,53,4418.0,49.1,4.0,8.0,12.0,4.0,0.0,0.0,6.0,0.0,2.4,2.4,6.1,8.5,65.0,212.0,256.0,0.08,0.16,0.24,0.08,0.24,0.06,0.15,0.21,0.06,0.21,2x La Liga Champion,6.34,1.88,0.67,1.31,2.65,1.04,,,,,,,,,,,,,,,,,,,Right-Back,12.11.1998 (26),"1,80m",right,€65.00m,Barcelona,La Liga,DF,1.3238289205702647,6.34,4.317718940936864,0.12219959266802444,0.0,,,0.24430251188595972,,,,10.0,,65000000.0,,,3.758500182860919e-09,,,,9.0,
Pau Cubarsí,Spain,17,56,4206.0,46.7,1.0,4.0,5.0,1.0,0.0,0.0,5.0,1.0,1.1,1.1,2.6,3.7,33.0,265.0,8.0,0.02,0.09,0.11,0.02,0.11,0.03,0.07,0.09,0.03,0.09,2024-25 La Liga Champion,0.2,1.0,0.7,0.5,2.75,2.1,,,,,,,,,,,,,,,,,,,Centre-Back,22.01.2007 (18),"1,84m",right,€80.00m,Barcelona,La Liga,DF,0.7066381156316917,0.2,5.674518201284796,0.1070663811563169,0.021413276231263382,,,-0.4534137447894856,,,,21.0,,80000000.0,,,-5.66767180986857e-09,,,,17.0,
Iñigo Martínez,Spain,33,46,3967.0,44.1,3.0,5.0,8.0,3.0,0.0,0.0,9.0,0.0,1.2,1.2,3.6,4.9,85.0,340.0,18.0,0.07,0.11,0.18,0.07,0.18,0.03,0.1,0.13,0.03,0.13,2024-25 La Liga Champion,0.48,0.97,0.56,0.86,3.86,1.91,,,,,,,,,,,,,,,,,,,Centre-Back,17.05.1991 (34),"1,82m",left,€5.00m,Barcelona,La Liga,DF,1.9274376417233559,0.48,7.709750566893423,0.20408163265306123,0.0,,,-0.2846275116554615,,,,19.0,,5000000.0,,,-5.6925502331092305e-08,,,,,
Robert Lewandowski,Poland,35,52,3905.0,43.4,42.0,3.0,45.0,35.0,7.0,8.0,3.0,0.0,37.5,32.0,3.9,35.9,37.0,75.0,216.0,0.97,0.07,1.04,0.81,0.88,0.93,0.1,1.03,0.8,0.89,"2x The Best FIFA Men's Player, 2019-20 UEFA Men's Player of the Year, 13x Domestic League Champion, 2019-20 Champions League Champion, 2x German Male Footballer of the Year, 12x Polish Footballer of the Year",,,,,,,,,,,,,,,,,,,,,,,,,Centre-Forward,21.08.1988 (36),"1,85m",right,€12.00m,Barcelona,La Liga,FWD,0.8525345622119817,4.976958525345622,1.728110599078341,0.06912442396313365,0.0,0.8842079443383298,,,,2.0,,,,12000000.0,7.368399536152749e-08,,,,,,,
Alejandro Balde,Spain,20,47,3484.0,38.7,1.0,8.0,9.0,1.0,0.0,0.0,4.0,0.0,0.7,0.7,3.9,4.6,135.0,117.0,309.0,0.03,0.21,0.23,0.03,0.23,0.02,0.11,0.13,0.02,0.13,2x La Liga Champion,9.03,0.82,0.26,0.96,1.08,0.47,,,,,,,,,,,,,,,,,,,Left-Back,18.10.2003 (21),"1,75m",left,€60.00m,Barcelona,La Liga,DF,3.4883720930232553,9.03,3.023255813953488,0.10335917312661498,0.0,,,-0.7852426285299455,,,,24.0,,60000000.0,,,-1.308737714216576e-08,,,,20.0,
Wojciech Szczęsny,Poland,34,30,2725.0,30.3,0.0,0.0,0.0,0.0,0.0,0.0,0.0,1.0,0.0,0.0,0.0,0.0,0.0,0.0,0.0,0.0,0.0,0.0,0.0,0.0,0.0,0.0,0.0,0.0,0.0,4x Domestic League Champion,,,,,,,,,,,,,,,,,,67.1,0.35,0.0,43.5,6.8,3.78,20.0,Goalkeeper,18.04.1990 (35),"1,95m",right,€1.00m,Barcelona,La Liga,GK,0.0,0.0,0.0,0.0,0.033003300330033,,,,0.01023464423297836,,,,4.0,1000000.0,,,,1.023464423297836e-08,,,,
Frenkie de Jong,Netherlands,27,46,2499.0,27.8,2.0,2.0,4.0,2.0,0.0,0.0,7.0,0.0,1.6,1.6,2.2,3.8,50.0,196.0,40.0,0.07,0.07,0.14,0.07,0.14,0.08,0.1,0.18,0.08,0.18,3x Domestic League Champion,,,,,,,2.87,85.76,94.2,9.15,2.3,1.77,1.72,1.06,0.66,0.75,0.84,,,,,,,,Central Midfield,12.05.1997 (28),"1,81m",right,€45.00m,Barcelona,La Liga,MF,2.3,1.77,9.15,0.2517985611510791,0.0,,0.2552424458257528,,,,5.0,,,45000000.0,,5.6720543516833955e-09,,,,5.0,,
Marc Casado,Spain,20,36,2443.0,27.1,1.0,6.0,7.0,1.0,0.0,0.0,5.0,1.0,1.4,1.4,1.8,3.3,18.0,154.0,35.0,0.04,0.22,0.26,0.04,0.26,0.06,0.07,0.13,0.06,0.13,2024-25 La Liga Champion,,,,,,,2.47,75.67,90.0,6.02,0.71,1.3,3.05,1.04,1.17,1.21,0.46,,,,,,,,Defensive Midfield,14.09.2003 (21),"1,72m",right,€30.00m,Barcelona,La Liga,MF,0.71,1.3,6.02,0.18450184501845018,0.03690036900369004,,-0.3850455251591411,,,,19.0,,,30000000.0,,-1.2834850838638036e-08,,,,21.0,,
Eric García,Spain,23,45,2119.0,23.5,5.0,3.0,8.0,5.0,0.0,0.0,4.0,1.0,3.4,3.4,1.0,4.5,20.0,131.0,28.0,0.21,0.13,0.34,0.21,0.34,0.17,0.05,0.22,0.17,0.22,3x Domestic League Champion,1.51,2.31,0.85,1.32,2.31,1.46,,,,,,,,,,,,,,,,,,,Centre-Back,09.01.2001 (24),"1,82m",right,€18.00m,Barcelona,La Liga,DF,0.851063829787234,1.51,5.574468085106383,0.1702127659574468,0.0425531914893617,,,0.32993307191587895,,,,8.0,,18000000.0,,,1.832961510643772e-08,,,,4.0,
Fermin López,Spain,21,46,2051.0,22.8,8.0,9.0,17.0,8.0,0.0,0.0,6.0,1.0,7.4,7.4,5.8,13.2,42.0,94.0,147.0,0.35,0.39,0.75,0.35,0.75,0.4,0.31,0.71,0.4,0.71,2024-25 La Liga Champion,,,,,,,3.75,46.29,82.0,4.94,2.26,7.61,1.49,0.31,0.98,0.36,0.46,,,,,,,,Attacking Midfield,11.05.2003 (22),"1,74m",right,€50.00m,Barcelona,La Liga,MF,2.26,7.61,4.94,0.2631578947368421,0.043859649122807015,,-0.04089118646437929,,,,11.0,,,50000000.0,,-8.178237292875858e-10,,,,11.0,,
Iñaki Peña,Spain,25,23,1968.0,21.9,0.0,0.0,0.0,0.0,0.0,0.0,1.0,0.0,0.0,0.0,0.0,0.0,0.0,3.0,0.0,0.0,0.0,0.0,0.0,0.0,0.0,0.0,0.0,0.0,0.0,2024-25 La Liga Champion,,,,,,,,,,,,,,,,,,67.2,0.3,0.0,30.0,2.7,5.07,22.2,Goalkeeper,02.03.1999 (26),"1,84m",right,€8.00m,Barcelona,La Liga,GK,0.0,0.0,0.13698630136986303,0.04566210045662101,0.0,,,,-0.5069379638363636,,,,7.0,8000000.0,,,,-6.336724547954544e-08,,,,8.0
Ferrán Torres,Spain,24,45,1933.0,21.5,19.0,7.0,26.0,19.0,0.0,0.0,2.0,1.0,11.0,11.0,3.6,14.6,25.0,43.0,129.0,0.88,0.33,1.21,0.88,1.21,0.65,0.21,0.86,0.65,0.86,3x Domestic League Champion,,,,,,,,,,,,,,,,,,,,,,,,,Centre-Forward,29.02.2000 (25),"1,84m",right,€40.00m,Barcelona,La Liga,FWD,1.1627906976744187,6.0,2.0,0.09302325581395349,0.046511627906976744,0.7291657278703809,,,,6.0,,,,40000000.0,1.8229143196759523e-08,,,,2.0,,,
Dani Olmo,Spain,26,39,1927.0,21.4,12.0,6.0,18.0,10.0,2.0,2.0,1.0,0.0,8.8,7.2,3.9,11.1,45.0,114.0,133.0,0.56,0.28,0.84,0.47,0.75,0.48,0.22,0.69,0.39,0.61,5x Domestic League Champion,,,,,,,5.05,47.07,80.8,6.17,2.39,7.39,1.28,0.21,0.53,0.64,0.85,,,,,,,,Attacking Midfield,07.05.1998 (27),"1,79m",right,€60.00m,Barcelona,La Liga,MF,2.39,7.39,6.17,0.04672897196261683,0.0,,0.25376109692441073,,,,7.0,,,60000000.0,,4.229351615406846e-09,,,,6.0,,
Gerard Martín,Spain,22,42,1805.0,20.1,1.0,6.0,7.0,1.0,0.0,0.0,4.0,0.0,0.5,0.5,3.0,3.5,16.0,58.0,164.0,0.05,0.3,0.35,0.05,0.35,0.03,0.19,0.21,0.03,0.21,2024-25 La Liga Champion,9.95,1.91,1.3,1.3,2.78,1.05,,,,,,,,,,,,,,,,,,,Left-Back,26.02.2002 (23),"1,86m",left,€12.00m,Barcelona,La Liga,DF,0.7960199004975124,9.95,2.8855721393034823,0.1990049751243781,0.0,,,0.6978494510366255,,,,2.0,,12000000.0,,,5.8154120919718794e-08,,,,1.0,
Gavi,Spain,19,42,1691.0,18.8,3.0,2.0,5.0,3.0,0.0,0.0,6.0,0.0,1.1,1.1,1.7,2.9,17.0,88.0,57.0,0.16,0.11,0.27,0.16,0.27,0.08,0.11,0.19,0.08,0.19,2x La Liga Champion,,,,,,,3.2,64.05,89.7,5.88,1.15,3.64,2.56,0.64,1.34,0.7,1.73,,,,,,,,Central Midfield,05.08.2004 (20),"1,73m",right,€60.00m,Barcelona,La Liga,MF,1.15,3.64,5.88,0.3191489361702127,0.0,,0.0,,,,,,,60000000.0,,0.0,,,,,,
Ronald Araújo,Uruguay,25,25,1562.0,17.4,2.0,2.0,4.0,2.0,0.0,0.0,4.0,0.0,1.4,1.4,0.4,1.9,6.0,59.0,3.0,0.12,0.12,0.23,0.12,0.23,0.1,0.03,0.13,0.1,0.13,2x La Liga Champion,0.26,1.58,0.86,1.32,4.41,3.75,,,,,,,,,,,,,,,,,,,Centre-Back,07.03.1999 (26),"1,92m",right,€35.00m,Barcelona,La Liga,DF,0.3448275862068966,0.26,3.3908045977011496,0.2298850574712644,0.0,,,0.0,,,,,,35000000.0,,,0.0,,,,,
Marc-André ter Stegen,Germany,32,9,764.0,8.5,0.0,0.0,0.0,0.0,0.0,0.0,0.0,0.0,0.0,0.0,0.0,0.0,0.0,2.0,0.0,0.0,0.0,0.0,0.0,0.0,0.0,0.0,0.0,0.0,0.0,"2022-23 La Liga Best Player, 5x La Liga Champion, 2014-15 Champions League Champion",,,,,,,,,,,,,,,,,,69.0,0.24,0.0,14.3,10.1,2.94,17.4,Goalkeeper,30.04.1992 (33),"1,87m",right,€12.00m,Barcelona,La Liga,GK,0.0,0.0,0.23529411764705882,0.0,0.0,,,,0.0,,,,,12000000.0,,,,0.0,,,,
Héctor Fort,Spain,17,20,647.0,7.2,0.0,0.0,0.0,0.0,0.0,0.0,2.0,0.0,0.2,0.2,0.9,1.1,14.0,28.0,38.0,0.0,0.0,0.0,0.0,0.0,0.04,0.13,0.16,0.04,0.16,2024-25 La Liga Champion,5.39,2.27,0.99,1.7,2.55,0.43,,,,,,,,,,,,,,,,,,,Right-Back,02.08.2006 (18),"1,85m",right,€10.00m,Barcelona,La Liga,DF,1.9444444444444444,5.39,3.888888888888889,0.2777777777777778,0.0,,,0.0,,,,,,10000000.0,,,0.0,,,,,
Pablo Torre,Spain,21,14,425.0,4.7,4.0,3.0,7.0,4.0,0.0,0.0,0.0,0.0,0.8,0.8,0.8,1.6,5.0,19.0,22.0,0.85,0.64,1.48,0.85,1.48,0.21,0.21,0.42,0.21,0.42,2x La Liga Champion,,,,,,,,,,,,,,,,,,,,,,,,,Attacking Midfield,03.04.2003 (22),"1,73m",right,€6.00m,Barcelona,La Liga,MF,1.0638297872340425,4.680851063829787,4.042553191489362,0.0,0.0,,0.0,,,,,,,6000000.0,,0.0,,,,,,
Pau Victor,Spain,22,29,397.0,4.4,2.0,1.0,3.0,2.0,0.0,0.0,3.0,0.0,3.0,3.0,1.1,4.1,6.0,14.0,30.0,0.45,0.23,0.68,0.45,0.68,0.76,0.27,1.03,0.76,1.03,2024-25 La Liga Champion,,,,,,,,,,,,,,,,,,,,,,,,,Centre-Forward,26.11.2001 (23),"1,84m",right,€4.00m,Barcelona,La Liga,FWD,1.3636363636363635,6.8181818181818175,3.1818181818181817,0.6818181818181818,0.0,0.0,,,,,,,,4000000.0,0.0,,,,,,,
Ansu Fati,Spain,21,11,303.0,3.4,0.0,0.0,0.0,0.0,0.0,0.0,1.0,0.0,1.0,1.0,0.2,1.1,8.0,11.0,36.0,0.0,0.0,0.0,0.0,0.0,0.32,0.05,0.38,0.32,0.38,2x La Liga Champion,,,,,,,,,,,,,,,,,,,,,,,,,Left Winger,31.10.2002 (22),"1,78m",right,€5.00m,Barcelona,La Liga,FWD,2.3529411764705883,10.588235294117647,3.235294117647059,0.29411764705882354,0.0,0.0,,,,,,,,5000000.0,0.0,,,,,,,
Andreas Christensen,Denmark,28,6,262.0,2.9,0.0,0.0,0.0,0.0,0.0,0.0,3.0,0.0,0.0,0.0,0.0,0.1,1.0,18.0,1.0,0.0,0.0,0.0,0.0,0.0,0.01,0.01,0.02,0.01,0.02,"2x La Liga Champion, 2020-21 Champions League Champion, 2023 Danish Male Footballer of the Year",,,,,,,,,,,,,,,,,,,,,,,,,Centre-Back,10.04.1996 (29),"1,87m",right,€12.00m,Barcelona,La Liga,DF,0.3448275862068966,0.3448275862068966,6.206896551724138,1.0344827586206897,0.0,,,0.0,,,,,,12000000.0,,,0.0,,,,,
Marc Bernal,Spain,17,3,242.0,2.7,0.0,0.0,0.0,0.0,0.0,0.0,2.0,0.0,0.1,0.1,0.0,0.1,0.0,8.0,2.0,0.0,0.0,0.0,0.0,0.0,0.03,0.01,0.03,0.03,0.03,,,,,,,,,,,,,,,,,,,,,,,,,,Defensive Midfield,26.05.2007 (18),"1,93m",left,€5.00m,Barcelona,La Liga,MF,0.0,0.7407407407407407,2.962962962962963,0.7407407407407407,0.0,,0.0,,,,,,,5000000.0,,0.0,,,,,,
Sergi Dominguez,Spain,19,6,236.0,2.6,0.0,0.0,0.0,0.0,0.0,0.0,1.0,0.0,0.0,0.0,0.0,0.0,0.0,16.0,1.0,0.0,0.0,0.0,0.0,0.0,0.0,0.0,0.0,0.0,0.0,,,,,,,,,,,,,,,,,,,,,,,,,,Centre-Back,01.04.2005 (20),"1,91m",right,€1.00m,Barcelona,La Liga,DF,0.0,0.3846153846153846,6.153846153846153,0.3846153846153846,0.0,,,0.0,,,,,,1000000.0,,,0.0,,,,,
Toni Fernández,Spain,16,1,10.0,0.1,0.0,0.0,0.0,0.0,0.0,0.0,0.0,0.0,,,,,,,,0.0,0.0,0.0,0.0,0.0,,,,,,,,,,,,,,,,,,,,,,,,,,,,,,,Right Winger,15.07.2008 (16),"1,75m",left,€3.00m,Barcelona,La Liga,FWD,,,,0.0,0.0,0.0,,,,,,,,3000000.0,0.0,,,,,,,
Andres Cuenca,Spain,17,1,7.0,0.1,0.0,0.0,0.0,0.0,0.0,0.0,0.0,0.0,0.0,0.0,0.0,0.0,0.0,0.0,0.0,0.0,0.0,0.0,0.0,0.0,0.0,0.0,0.0,0.0,0.0,,,,,,,,,,,,,,,,,,,,,,,,,,Centre-Back,11.06.2007 (18),"1,81m",left,€200k,Barcelona,La Liga,DF,0.0,0.0,0.0,0.0,0.0,,,0.0,,,,,,200000.0,,,0.0,,,,,
Áron Yaakobishvili,Hungary,18,0,,,,,,,,,,,,,,,,,,,,,,,,,,,,,,,,,,,,,,,,,,,,,,,,,,,,,Goalkeeper,06.03.2006 (19),"1,87m",both,€300k,Barcelona,La Liga,GK,,,,,,,,,0.0,,,,,300000.0,,,,0.0,,,,
Landry Farré,Spain,17,0,,,,,,,,,,,,,,,,,,,,,,,,,,,,,,,,,,,,,,,,,,,,,,,,,,,,,Right-Back,01.01.2007 (18),"1,78m",both,€300k,Barcelona,La Liga,DF,,,,,,,,0.0,,,,,,300000.0,,,0.0,,,,,
Diego Kochen,United States,18,0,,,,,,,,,,,,,,,,,,,,,,,,,,,,,,,,,,,,,,,,,,,,,,,,,,,,,Goalkeeper,19.03.2006 (19),"1,90m",right,€500k,Barcelona,La Liga,GK,,,,,,,,,0.0,,,,,500000.0,,,,0.0,,,,
Ander Astralaga,Spain,20,0,,,,,,,,,,,,,,,,,,,,,,,,,,,,,,,,,,,,,,,,,,,,,,,,,,,,,Goalkeeper,03.03.2004 (21),"1,90m",right,€800k,Barcelona,La Liga,GK,,,,,,,,,0.0,,,,,800000.0,,,,0.0,,,,
Noah Darvich,Germany,17,0,,,,,,,,,,,,,,,,,,,,,,,,,,,,,,,,,,,,,,,,,,,,,,,,,,,,,Attacking Midfield,25.09.2006 (18),"1,84m",left,€2.00m,Barcelona,La Liga,MF,,,,,,,0.0,,,,,,,2000000.0,,0.0,,,,,,
Álex Valle,Spain,20,0,,,,,,,,,,,,,,,,,,,,,,,,,,,,2024-25 Scottish Premiership Champion,2.75,2.46,0.72,1.16,3.7,0.65,,,,,,,,,,,,,,,,,,,Left-Back,25.04.2004 (21),"1,78m",left,€6.00m,Barcelona,La Liga,DF,,2.75,,,,,,0.0,,,,,,6000000.0,,,0.0,,,,,
Alexis Olmedo,Spain,18,0,,,,,,,,,,,,,,,,,,,,,,,,,,,,,,,,,,,,,,,,,,,,,,,,,,,,,Centre-Back,02.01.2006 (19),"1,87m",right,€200k,Barcelona,La Liga,DF,,,,,,,,0.0,,,,,,200000.0,,,0.0,,,,,
Álvaro Cortés,Spain,19,0,,,,,,,,,,,,,,,,,,,,,,,,,,,,,,,,,,,,,,,,,,,,,,,,,,,,,Centre-Back,17.03.2005 (20),"1,89m",left,€150k,Barcelona,La Liga,DF,,,,,,,,0.0,,,,,,150000.0,,,0.0,,,,,
Federico Valverde,Uruguay,26,58,4938.0,54.9,9.0,8.0,17.0,9.0,0.0,0.0,5.0,0.0,3.0,3.0,5.8,8.8,90.0,304.0,99.0,0.16,0.15,0.31,0.16,0.31,0.06,0.12,0.19,0.06,0.19,"4x Domestic League Champion, 2x Champions League Champion",2.09,1.59,1.75,1.16,1.68,0.8,,,,,,,,,,,,,,,,,,,Central Midfield,22.07.1998 (26),"1,82m",right,€130.00m,Real Madrid,La Liga,MF,1.639344262295082,2.09,5.537340619307833,0.09107468123861567,0.0,,-0.2291409818448929,,,,17.0,,,130000000.0,,-1.762622937268407e-09,,,,13.0,,
Kylian Mbappé,France,25,55,4532.0,50.4,42.0,4.0,46.0,35.0,7.0,10.0,3.0,1.0,35.0,27.0,8.7,35.7,203.0,175.0,503.0,0.83,0.08,0.91,0.7,0.77,0.79,0.19,0.98,0.61,0.8,"5x Ligue 1 Male Player of the Year, 7x Ligue 1 Champion, 2x Coupe de la Ligue Champion, 2018 World Cup Champion, 4x French Player of the Year, 2022 FIFA World Cup Silver Ball",,,,,,,,,,,,,,,,,,,,,,,,,Centre-Forward,20.12.1998 (26),"1,78m",right,€180.00m,Real Madrid,La Liga,FWD,4.027777777777778,9.980158730158731,3.4722222222222223,0.05952380952380953,0.01984126984126984,0.7442024968011172,,,,4.0,,,,180000000.0,4.134458315561762e-09,,,,7.0,,,
Jude Bellingham,England,21,51,4247.0,47.2,14.0,13.0,27.0,13.0,1.0,2.0,11.0,2.0,15.2,13.7,6.1,19.7,97.0,277.0,190.0,0.3,0.28,0.57,0.28,0.55,0.38,0.15,0.53,0.34,0.5,"2023-24 La Liga Best Player, 2023-24 La Liga Champion, 2023-24 Champions League Champion",,,,,,,3.57,53.26,87.0,6.7,2.42,4.71,2.11,0.99,1.22,0.94,0.99,,,,,,,,Attacking Midfield,29.06.2003 (22),"1,86m",right,€180.00m,Real Madrid,La Liga,MF,2.42,4.71,6.7,0.2330508474576271,0.0423728813559322,,0.19302286951400666,,,,8.0,,,180000000.0,,1.0723492750778148e-09,,,,8.0,,
Aurélien Tchouaméni,France,24,51,4233.0,47.0,2.0,1.0,3.0,2.0,0.0,0.0,10.0,0.0,1.9,1.9,0.8,2.7,24.0,202.0,15.0,0.04,0.02,0.06,0.04,0.06,0.05,0.02,0.07,0.05,0.07,"2023-24 La Liga Champion, 2023-24 Champions League Champion",0.39,1.73,1.55,1.31,2.84,2.0,,,,,,,,,,,,,,,,,,,Defensive Midfield,27.01.2000 (25),"1,88m",right,€75.00m,Real Madrid,La Liga,MF,0.5106382978723404,0.39,4.297872340425532,0.2127659574468085,0.0,,-0.7587807043786045,,,,22.0,,,75000000.0,,-1.0117076058381393e-08,,,,20.0,,
Thibaut Courtois,Belgium,32,46,4200.0,46.7,0.0,0.0,0.0,0.0,0.0,0.0,1.0,0.0,0.0,0.0,0.1,0.1,0.0,0.0,0.0,0.0,0.0,0.0,0.0,0.0,0.0,0.0,0.0,0.0,0.0,"2018 The Best FIFA Men's Goalkeeper, 6x Domestic League Champion, 2021-22 Champions League Champion",,,,,,,,,,,,,,,,,,75.7,0.28,16.7,29.3,6.9,0.37,9.8,Goalkeeper,11.05.1992 (33),"2,00m",left,€20.00m,Real Madrid,La Liga,GK,0.0,0.0,0.0,0.021413276231263382,0.0,,,,0.07596370549273285,,,,3.0,20000000.0,,,,3.798185274636642e-09,,,,
Antonio Rüdiger,Germany,31,49,4098.0,45.5,3.0,0.0,3.0,3.0,0.0,0.0,7.0,1.0,3.4,3.4,0.8,4.2,27.0,129.0,6.0,0.07,0.0,0.07,0.07,0.07,0.09,0.02,0.11,0.09,0.11,"2023-24 La Liga Champion, 2x Champions League Champion",0.16,0.88,0.35,0.77,3.88,1.25,,,,,,,,,,,,,,,,,,,Centre-Back,03.03.1993 (32),"1,90m",right,€20.00m,Real Madrid,La Liga,DF,0.5934065934065934,0.16,2.8351648351648353,0.15384615384615385,0.02197802197802198,,,-0.6162379725468241,,,,22.0,,20000000.0,,,-3.081189862734121e-08,,,,,
Vinicius Júnior,Brazil,24,51,4073.0,45.3,20.0,14.0,34.0,17.0,3.0,5.0,15.0,1.0,17.0,13.3,11.8,25.1,251.0,113.0,378.0,0.44,0.31,0.75,0.38,0.68,0.46,0.32,0.77,0.36,0.67,"2024 The Best FIFA Men's Player, 3x La Liga Champion, 2x Champions League Champion",,,,,,,,,,,,,,,,,,,,,,,,,Left Winger,12.07.2000 (24),"1,76m",right,€170.00m,Real Madrid,La Liga,FWD,5.540838852097131,8.344370860927153,2.494481236203091,0.33112582781456956,0.02207505518763797,-0.23192597400271298,,,,13.0,,,,170000000.0,-1.3642704353100764e-09,,,,13.0,,,
Rodrygo,Brazil,23,50,3275.0,36.4,13.0,9.0,22.0,13.0,0.0,0.0,0.0,0.0,6.3,6.2,5.4,11.5,158.0,146.0,353.0,0.36,0.25,0.6,0.36,0.6,0.2,0.17,0.37,0.2,0.37,"3x La Liga Champion, 2x Champions League Champion",,,,,,,4.61,49.73,85.6,4.71,5.08,11.41,1.26,0.5,0.93,0.53,0.4,,,,,,,,Right Winger,09.01.2001 (24),"1,74m",right,€90.00m,Real Madrid,La Liga,FWD,5.08,11.41,4.71,0.0,0.0,-0.5621129428211082,,,,18.0,,,,90000000.0,-6.24569936467898e-09,,,,16.0,,,
Lucas Vázquez,Spain,33,50,3232.0,35.9,2.0,7.0,9.0,2.0,0.0,0.0,9.0,1.0,2.0,2.0,5.7,7.7,44.0,124.0,241.0,0.06,0.19,0.25,0.06,0.25,0.06,0.19,0.25,0.06,0.25,"4x La Liga Champion, 5x Champions League Champion",7.86,2.32,0.85,0.91,1.57,0.23,,,,,,,,,,,,,,,,,,,Right-Back,01.07.1991 (33),"1,73m",right,€3.00m,Real Madrid,La Liga,DF,1.2256267409470754,7.86,3.454038997214485,0.25069637883008355,0.02785515320334262,,,-0.06024241043505647,,,,17.0,,3000000.0,,,-2.008080347835216e-08,,,,,
Raúl Asencio,Spain,21,41,3063.0,34.0,0.0,2.0,2.0,0.0,0.0,0.0,8.0,0.0,0.2,0.2,0.6,0.8,8.0,34.0,6.0,0.0,0.06,0.06,0.0,0.06,0.01,0.02,0.03,0.01,0.03,,0.22,1.27,0.71,0.67,4.17,1.3,,,,,,,,,,,,,,,,,,,Centre-Back,13.02.2003 (22),"1,84m",right,€40.00m,Real Madrid,La Liga,DF,0.23529411764705882,0.22,1.0,0.23529411764705882,0.0,,,-0.29024105446174564,,,,20.0,,40000000.0,,,-7.256026361543641e-09,,,,18.0,
Fran Garcia,Spain,24,47,2873.0,31.9,0.0,4.0,4.0,0.0,0.0,0.0,0.0,0.0,0.9,0.9,2.1,2.9,86.0,132.0,197.0,0.0,0.13,0.13,0.0,0.13,0.03,0.08,0.11,0.03,0.11,"2023-24 La Liga Champion, 2023-24 Champions League Champion",7.27,2.18,1.29,1.07,2.77,0.7,,,,,,,,,,,,,,,,,,,Left-Back,14.08.1999 (25),"1,69m",left,€18.00m,Real Madrid,La Liga,DF,2.6959247648902824,7.27,4.137931034482759,0.0,0.0,,,0.6516361717476887,,,,3.0,,18000000.0,,,3.620200954153826e-08,,,,2.0,
Luka Modrić,Croatia,38,56,2854.0,31.7,4.0,9.0,13.0,4.0,0.0,0.0,11.0,0.0,1.7,1.7,8.5,10.2,73.0,271.0,77.0,0.13,0.28,0.41,0.13,0.41,0.06,0.31,0.37,0.06,0.37,"2018 Ballon d'Or, 2018 The Best FIFA Men's Player, 2017-18 UEFA Men's Player of the Year, 5x Domestic League Champion, 6x Champions League Champion, 13x Croatian Footballer of the Year",,,,,,,5.56,95.52,88.1,9.79,2.69,2.83,1.55,1.4,0.7,0.92,0.26,,,,,,,,Central Midfield,09.09.1985 (39),"1,72m",right,€4.00m,Real Madrid,La Liga,MF,2.69,2.83,9.79,0.3470031545741325,0.0,,1.2471106735607955,,,,1.0,,,4000000.0,,3.1177766839019887e-07,,,,,,
Ferland Mendy,France,29,31,2238.0,24.9,0.0,2.0,2.0,0.0,0.0,0.0,2.0,1.0,0.5,0.5,0.7,1.2,18.0,59.0,62.0,0.0,0.08,0.08,0.0,0.08,0.02,0.03,0.06,0.02,0.06,"3x La Liga Champion, 2x Champions League Champion",2.8,1.2,0.6,0.85,0.7,0.25,,,,,,,,,,,,,,,,,,,Left-Back,08.06.1995 (30),"1,80m",left,€14.00m,Real Madrid,La Liga,DF,0.7228915662650602,2.8,2.3694779116465865,0.08032128514056225,0.040160642570281124,,,-0.8053414689531191,,,,25.0,,14000000.0,,,-5.7524390639508503e-08,,,,26.0,
Brahim Díaz,Morocco,24,51,2169.0,24.1,6.0,6.0,12.0,6.0,0.0,0.0,1.0,0.0,6.7,6.7,4.3,11.0,58.0,96.0,143.0,0.25,0.25,0.5,0.25,0.5,0.33,0.21,0.54,0.33,0.54,"4x Domestic League Champion, 2023-24 Champions League Champion",,,,,,,3.43,44.03,86.2,4.54,2.8,6.71,1.59,0.48,0.82,0.14,0.19,,,,,,,,Right Winger,03.08.1999 (25),"1,70m",both,€40.00m,Real Madrid,La Liga,FWD,2.8,6.71,4.54,0.04149377593360996,0.0,-0.8106760797390794,,,,20.0,,,,40000000.0,-2.0266901993476987e-08,,,,21.0,,,
Eduardo Camavinga,France,21,34,2023.0,22.5,2.0,2.0,4.0,2.0,0.0,0.0,9.0,1.0,0.5,0.5,1.4,1.9,33.0,86.0,36.0,0.09,0.09,0.18,0.09,0.18,0.03,0.08,0.11,0.03,0.11,"2x La Liga Champion, 2x Champions League Champion",,,,,,,2.48,60.88,89.8,4.84,1.86,2.03,3.83,1.52,1.86,2.31,1.52,,,,,,,,Central Midfield,10.11.2002 (22),"1,82m",left,€60.00m,Real Madrid,La Liga,MF,1.86,2.03,4.84,0.4,0.044444444444444446,,-0.36742471322005976,,,,18.0,,,60000000.0,,-6.123745220334329e-09,,,,18.0,,
Dani Ceballos,Spain,27,40,1956.0,21.7,0.0,2.0,2.0,0.0,0.0,0.0,5.0,0.0,0.4,0.4,2.3,2.7,46.0,185.0,19.0,0.0,0.09,0.09,0.0,0.09,0.02,0.13,0.15,0.02,0.15,"2x La Liga Champion, 3x Champions League Champion",,,,,,,4.0,94.5,94.4,10.28,2.56,1.06,3.17,0.89,1.17,1.0,0.11,,,,,,,,Central Midfield,07.08.1996 (28),"1,79m",right,€10.00m,Real Madrid,La Liga,MF,2.56,1.06,10.28,0.2304147465437788,0.0,,0.8163516414310565,,,,3.0,,,10000000.0,,8.163516414310565e-08,,,,2.0,,
Arda Güler,Turkey,19,42,1781.0,19.8,5.0,8.0,13.0,5.0,0.0,0.0,1.0,0.0,3.7,3.7,5.9,9.6,40.0,108.0,93.0,0.25,0.4,0.66,0.25,0.66,0.24,0.38,0.62,0.24,0.62,2023-24 La Liga Champion,,,,,,,6.0,64.11,85.9,6.97,2.58,6.0,2.07,0.52,1.23,0.58,0.52,,,,,,,,Attacking Midfield,25.02.2005 (20),"1,75m",left,€45.00m,Real Madrid,La Liga,MF,2.58,6.0,6.97,0.050505050505050504,0.0,,0.0,,,,,,,45000000.0,,0.0,,,,,,
Andriy Lunin,Ukraine,25,14,1320.0,14.7,0.0,1.0,1.0,0.0,0.0,0.0,0.0,0.0,0.0,0.0,0.9,0.9,0.0,0.0,0.0,0.0,0.07,0.07,0.0,0.07,0.0,0.1,0.1,0.0,0.1,"2023-24 La Liga Champion, 2023-24 Champions League Champion",,,,,,,,,,,,,,,,,,68.8,0.34,0.0,44.4,7.7,1.67,14.8,Goalkeeper,11.02.1999 (26),"1,91m",right,€18.00m,Real Madrid,La Liga,GK,0.0,0.0,0.0,0.0,0.0,,,,0.0,,,,,18000000.0,,,,0.0,,,,
Éder Militão,Brazil,26,17,1309.0,14.5,1.0,1.0,2.0,1.0,0.0,0.0,4.0,0.0,0.9,0.9,0.7,1.6,9.0,58.0,2.0,0.07,0.07,0.14,0.07,0.14,0.06,0.05,0.12,0.06,0.12,"3x La Liga Champion, 2x Champions League Champion",0.16,1.59,1.36,1.43,2.79,1.99,,,,,,,,,,,,,,,,,,,Centre-Back,18.01.1998 (27),"1,86m",right,€30.00m,Real Madrid,La Liga,DF,0.6206896551724138,0.16,4.0,0.27586206896551724,0.0,,,0.0,,,,,,30000000.0,,,0.0,,,,,
Endrick,Brazil,18,37,863.0,9.6,7.0,0.0,7.0,7.0,0.0,0.0,4.0,0.0,3.5,3.5,1.0,4.5,13.0,11.0,42.0,0.73,0.0,0.73,0.73,0.73,0.62,0.18,0.8,0.62,0.8,2x Série A Champion,,,,,,,,,,,,,,,,,,,,,,,,,Centre-Forward,21.07.2006 (18),"1,73m",left,€35.00m,Real Madrid,La Liga,FWD,1.3541666666666667,4.375,1.1458333333333335,0.4166666666666667,0.0,0.0,,,,,,,,35000000.0,0.0,,,,,,,
David Alaba,Austria,32,14,601.0,6.7,0.0,0.0,0.0,0.0,0.0,0.0,2.0,0.0,0.0,0.0,0.1,0.1,3.0,12.0,10.0,0.0,0.0,0.0,0.0,0.0,0.0,0.01,0.01,0.0,0.01,"11x Domestic League Champion, 4x Champions League Champion, 10x Austrian Footballer of the Year",1.83,0.55,1.28,1.46,2.01,0.91,,,,,,,,,,,,,,,,,,,Centre-Back,24.06.1992 (33),"1,80m",left,€6.00m,Real Madrid,La Liga,DF,0.44776119402985076,1.83,1.791044776119403,0.29850746268656714,0.0,,,0.0,,,,,,6000000.0,,,0.0,,,,,
Jacobo Ramón,Spain,19,5,307.0,3.4,1.0,0.0,1.0,1.0,0.0,0.0,2.0,0.0,0.3,0.3,0.2,0.5,0.0,1.0,2.0,0.29,0.0,0.29,0.29,0.29,0.11,0.08,0.19,0.11,0.19,,,,,,,,,,,,,,,,,,,,,,,,,,Centre-Back,06.01.2005 (20),"1,96m",right,€1.00m,Real Madrid,La Liga,DF,0.0,0.5882352941176471,0.29411764705882354,0.5882352941176471,0.0,,,0.0,,,,,,1000000.0,,,0.0,,,,,
Jesús Vallejo,Spain,27,4,138.0,1.5,0.0,1.0,1.0,0.0,0.0,0.0,0.0,0.0,0.0,0.0,0.1,0.1,0.0,5.0,1.0,0.0,0.65,0.65,0.0,0.65,0.0,0.08,0.08,0.0,0.08,2021-22 La Liga Champion,,,,,,,,,,,,,,,,,,,,,,,,,Centre-Back,05.01.1997 (28),"1,84m",right,€1.00m,Real Madrid,La Liga,DF,0.0,0.6666666666666666,3.3333333333333335,0.0,0.0,,,0.0,,,,,,1000000.0,,,0.0,,,,,
Diego Aguado,Spain,17,1,90.0,1.0,0.0,0.0,0.0,0.0,0.0,0.0,0.0,0.0,,,,,,,,0.0,0.0,0.0,0.0,0.0,,,,,,,,,,,,,,,,,,,,,,,,,,,,,,,Centre-Back,07.02.2007 (18),"1,84m",left,€1.00m,Real Madrid,La Liga,DF,,,,0.0,0.0,,,0.0,,,,,,1000000.0,,,0.0,,,,,
Lorenzo Aguado,Spain,21,3,67.0,0.7,0.0,0.0,0.0,0.0,0.0,0.0,0.0,0.0,0.0,0.0,0.0,0.0,0.0,0.0,0.0,0.0,0.0,0.0,0.0,0.0,0.0,0.0,0.0,0.0,0.0,,,,,,,,,,,,,,,,,,,,,,,,,,Right-Back,19.09.2002 (22),"1,80m",right,€100k,Real Madrid,La Liga,DF,0.0,0.0,0.0,0.0,0.0,,,0.0,,,,,,100000.0,,,0.0,,,,,
Gonzalo García,Spain,20,4,65.0,0.7,1.0,1.0,2.0,1.0,0.0,0.0,0.0,0.0,0.5,0.5,1.0,1.5,0.0,0.0,3.0,1.38,1.38,2.77,1.38,2.77,0.79,1.56,2.35,0.79,2.35,,,,,,,,,,,,,,,,,,,,,,,,,,Centre-Forward,24.03.2004 (21),"1,82m",both,€8.00m,Real Madrid,La Liga,FWD,0.0,4.285714285714286,0.0,0.0,0.0,0.0,,,,,,,,8000000.0,0.0,,,,,,,
Víctor Muñoz,Spain,21,2,36.0,0.4,0.0,0.0,0.0,0.0,0.0,0.0,0.0,0.0,0.5,0.5,0.0,0.5,3.0,0.0,9.0,0.0,0.0,0.0,0.0,0.0,1.23,0.0,1.23,1.23,1.23,,,,,,,,,,,,,,,,,,,,,,,,,,Left Winger,13.07.2003 (21),"1,73m",right,€1.00m,Real Madrid,La Liga,FWD,7.5,22.5,0.0,0.0,0.0,0.0,,,,,,,,1000000.0,0.0,,,,,,,
Daniel Yáñez,Spain,17,1,2.0,0.0,0.0,0.0,0.0,0.0,0.0,0.0,0.0,0.0,0.0,0.0,0.0,0.0,0.0,0.0,0.0,0.0,0.0,0.0,0.0,0.0,0.0,0.0,0.0,0.0,0.0,,,,,,,,,,,,,,,,,,,,,,,,,,Right Winger,28.03.2007 (18),"1,77m",left,€150k,Real Madrid,La Liga,FWD,,,,,,0.0,,,,,,,,150000.0,0.0,,,,,,,
Victor Valdepeñas,Spain,17,0,,,,,,,,,,,,,,,,,,,,,,,,,,,,,,,,,,,,,,,,,,,,,,,,,,,,,Centre-Back,20.10.2006 (18),"1,88m",left,€500k,Real Madrid,La Liga,DF,,,,,,,,0.0,,,,,,500000.0,,,0.0,,,,,
Mario Rivas,Spain,17,0,,,,,,,,,,,,,,,,,,,,,,,,,,,,,,,,,,,,,,,,,,,,,,,,,,,,,Centre-Back,16.03.2007 (18),-,,€300k,Real Madrid,La Liga,DF,,,,,,,,0.0,,,,,,300000.0,,,0.0,,,,,
David Jiménez,Spain,20,0,,,,,,,,,,,,,,,,,,,,,,,,,,,,,,,,,,,,,,,,,,,,,,,,,,,,,Right-Back,14.03.2004 (21),"1,70m",right,€400k,Real Madrid,La Liga,DF,,,,,,,,0.0,,,,,,400000.0,,,0.0,,,,,
Sergio Mestre,Spain,19,0,,,,,,,,,,,,,,,,,,,,,,,,,,,,,,,,,,,,,,,,,,,,,,,,,,,,,Goalkeeper,13.02.2005 (20),"1,93m",right,€50k,Real Madrid,La Liga,GK,,,,,,,,,0.0,,,,,50000.0,,,,0.0,,,,
Hugo de Llanos,Spain,19,0,,,,,,,,,,,,,,,,,,,,,,,,,,,,,,,,,,,,,,,,,,,,,,,,,,,,,Left Winger,18.03.2005 (20),"1,75m",right,€200k,Real Madrid,La Liga,FWD,,,,,,0.0,,,,,,,,200000.0,0.0,,,,,,,
Pol Fortuny,Spain,19,0,,,,,,,,,,,,,,,,,,,,,,,,,,,,,,,,,,,,,,,,,,,,,,,,,,,,,Attacking Midfield,11.03.2005 (20),"1,75m",left,€400k,Real Madrid,La Liga,MF,,,,,,,0.0,,,,,,,400000.0,,0.0,,,,,,
David Raya,Spain,28,55,4980.0,55.3,0.0,0.0,0.0,0.0,0.0,0.0,5.0,0.0,0.0,0.0,0.1,0.1,0.0,15.0,0.0,0.0,0.0,0.0,0.0,0.0,0.0,0.0,0.0,0.0,0.0,,,,,,,,,,,,,,,,,,,76.7,0.28,28.6,37.3,12.6,1.65,16.9,Goalkeeper,15.09.1995 (29),"1,83m",right,€40.00m,Arsenal,Premier League,GK,0.0,0.0,0.27124773960216997,0.09041591320072333,0.0,,,,0.8181956702782048,,,,1.0,40000000.0,,,,2.045489175695512e-08,,,,1.0
William Saliba,France,23,51,4464.0,49.6,2.0,0.0,2.0,2.0,0.0,0.0,3.0,1.0,2.6,2.6,0.9,3.5,20.0,170.0,7.0,0.04,0.0,0.04,0.04,0.04,0.06,0.02,0.08,0.06,0.08,,0.16,1.76,0.69,0.78,3.8,1.74,,,,,,,,,,,,,,,,,,,Centre-Back,24.03.2001 (24),"1,92m",right,€80.00m,Arsenal,Premier League,DF,0.4032258064516129,0.16,3.4274193548387095,0.06048387096774193,0.020161290322580645,,,0.056062809393588445,,,,14.0,,80000000.0,,,7.007851174198555e-10,,,,14.0,
Declan Rice,England,25,52,4116.0,45.7,9.0,10.0,19.0,9.0,0.0,0.0,10.0,1.0,5.3,5.3,7.8,13.1,113.0,254.0,121.0,0.2,0.22,0.42,0.2,0.42,0.13,0.18,0.31,0.13,0.31,,,,,,,,3.13,50.87,84.0,5.84,2.68,2.78,1.72,0.89,0.96,1.48,1.06,,,,,,,,Central Midfield,14.01.1999 (26),"1,88m",right,€120.00m,Arsenal,Premier League,MF,2.68,2.78,5.84,0.2188183807439825,0.02188183807439825,,-0.17351512251810108,,,,14.0,,,120000000.0,,-1.445959354317509e-09,,,,12.0,,
Thomas Partey,Ghana,31,52,3940.0,43.8,4.0,2.0,6.0,4.0,0.0,0.0,7.0,0.0,2.9,2.9,2.6,5.5,49.0,222.0,63.0,0.09,0.05,0.14,0.09,0.14,0.07,0.06,0.14,0.07,0.14,3x Ghana Player of the Year,1.62,2.62,1.2,1.0,1.52,0.87,,,,,,,,,,,,,,,,,,,Defensive Midfield,13.06.1993 (32),"1,85m",right,€14.00m,Arsenal,Premier League,MF,1.1187214611872147,1.62,5.068493150684932,0.15981735159817353,0.0,,-0.4969515787911929,,,,20.0,,,14000000.0,,-3.5496541342228064e-08,,,,,,
Jurriën Timber,Netherlands,23,48,3666.0,40.7,2.0,4.0,6.0,2.0,0.0,0.0,9.0,0.0,1.8,1.8,2.2,4.1,70.0,193.0,122.0,0.05,0.1,0.15,0.05,0.15,0.05,0.06,0.11,0.05,0.11,2x Eredivisie Champion,3.37,2.32,0.97,0.77,1.79,0.94,,,,,,,,,,,,,,,,,,,Right-Back,17.06.2001 (24),"1,79m",right,€55.00m,Arsenal,Premier League,DF,1.7199017199017197,3.37,4.742014742014741,0.22113022113022113,0.0,,,0.02525119030287475,,,,15.0,,55000000.0,,,4.591125509613591e-10,,,,15.0,
Gabriel Martinelli,Brazil,23,51,3551.0,39.5,10.0,5.0,15.0,10.0,0.0,0.0,3.0,0.0,11.6,11.6,7.0,18.6,168.0,67.0,373.0,0.25,0.13,0.38,0.25,0.38,0.32,0.2,0.52,0.32,0.52,,,,,,,,2.82,26.02,71.1,1.86,4.65,10.15,0.9,0.17,0.73,0.7,0.62,,,,,,,,Left Winger,18.06.2001 (24),"1,78m",right,€55.00m,Arsenal,Premier League,FWD,4.65,10.15,1.86,0.0759493670886076,0.0,-0.7556395388746535,,,,19.0,,,,55000000.0,-1.3738900706811882e-08,,,,19.0,,,
Gabriel Magalhães,Brazil,26,42,3499.0,38.9,5.0,1.0,6.0,5.0,0.0,0.0,6.0,0.0,3.9,3.9,0.9,4.8,13.0,162.0,11.0,0.13,0.03,0.15,0.13,0.15,0.11,0.02,0.14,0.11,0.14,,0.31,0.85,0.6,1.51,3.55,2.3,,,,,,,,,,,,,,,,,,,Centre-Back,19.12.1997 (27),"1,90m",left,€75.00m,Arsenal,Premier League,DF,0.3341902313624679,0.31,4.16452442159383,0.15424164524421594,0.0,,,0.09474760075243638,,,,12.0,,75000000.0,,,1.2633013433658183e-09,,,,13.0,
Leandro Trossard,Belgium,29,56,3452.0,38.4,10.0,9.0,19.0,10.0,0.0,1.0,5.0,1.0,9.9,9.1,6.8,15.9,98.0,133.0,271.0,0.26,0.23,0.5,0.26,0.5,0.28,0.19,0.47,0.26,0.44,2018-19 Belgian First Division A Champion,,,,,,,,,,,,,,,,,,,,,,,,,Left Winger,04.12.1994 (30),"1,72m",right,€22.00m,Arsenal,Premier League,FWD,2.5520833333333335,7.057291666666667,3.463541666666667,0.13020833333333334,0.026041666666666668,-0.9816941943844922,,,,22.0,,,,22000000.0,-4.462246338111328e-08,,,,22.0,,,
Martin Ødegaard,Norway,25,45,3437.0,38.2,6.0,11.0,17.0,5.0,1.0,2.0,4.0,0.0,6.7,5.9,7.0,12.8,123.0,316.0,193.0,0.16,0.29,0.45,0.13,0.42,0.19,0.2,0.39,0.17,0.37,,,,,,,,4.73,55.67,82.4,9.05,3.57,5.56,0.75,0.29,0.26,0.35,0.26,,,,,,,,Attacking Midfield,17.12.1998 (26),"1,78m",left,€85.00m,Arsenal,Premier League,MF,3.57,5.56,9.05,0.10471204188481674,0.0,,0.7170670355236978,,,,4.0,,,85000000.0,,8.436082770867033e-09,,,,3.0,,
Kai Havertz,Germany,25,36,2810.0,31.2,15.0,4.0,19.0,15.0,0.0,0.0,7.0,0.0,12.2,12.2,3.5,15.7,39.0,80.0,157.0,0.48,0.13,0.61,0.48,0.61,0.45,0.13,0.58,0.45,0.58,2020-21 Champions League Champion,,,,,,,2.31,26.28,79.0,2.92,1.4,5.6,0.8,0.23,1.06,1.36,2.99,,,,,,,,Centre-Forward,11.06.1999 (26),"1,93m",left,€65.00m,Arsenal,Premier League,FWD,1.4,5.6,2.92,0.22435897435897437,0.0,-0.5589164537041889,,,,17.0,,,,65000000.0,-8.598714672372136e-09,,,,17.0,,,
Mikel Merino,Spain,28,44,2640.0,29.3,9.0,5.0,14.0,9.0,0.0,0.0,5.0,1.0,7.0,6.9,3.3,10.2,16.0,102.0,123.0,0.31,0.17,0.48,0.31,0.48,0.26,0.12,0.38,0.26,0.38,,,,,,,,2.35,32.29,77.8,3.81,0.6,4.59,2.5,0.78,1.01,1.42,3.06,,,,,,,,Central Midfield,22.06.1996 (29),"1,89m",left,€35.00m,Arsenal,Premier League,MF,0.6,4.59,3.81,0.1706484641638225,0.034129692832764506,,-1.1746506503150738,,,,23.0,,,35000000.0,,-3.356144715185925e-08,,,,22.0,,
Bukayo Saka,England,22,37,2609.0,29.0,12.0,13.0,25.0,10.0,2.0,3.0,5.0,0.0,11.2,8.9,10.9,19.8,139.0,88.0,341.0,0.41,0.45,0.86,0.34,0.79,0.41,0.39,0.8,0.32,0.72,,,,,,,,5.15,36.65,74.3,3.06,4.93,11.95,1.62,0.36,1.08,0.43,0.36,,,,,,,,Right Winger,05.09.2001 (23),"1,78m",left,€150.00m,Arsenal,Premier League,FWD,4.93,11.95,3.06,0.1724137931034483,0.0,0.039980423218348084,,,,8.0,,,,150000000.0,2.6653615478898724e-10,,,,8.0,,,
Myles Lewis-Skelly,England,17,39,2303.0,25.6,1.0,1.0,2.0,1.0,0.0,0.0,6.0,2.0,0.3,0.3,1.0,1.2,44.0,95.0,44.0,0.04,0.04,0.08,0.04,0.08,0.01,0.05,0.06,0.01,0.06,,2.03,1.29,0.46,0.46,1.61,0.55,,,,,,,,,,,,,,,,,,,Left-Back,26.09.2006 (18),"1,78m",left,€45.00m,Arsenal,Premier League,DF,1.71875,2.03,3.7109375,0.234375,0.078125,,,-1.0496423815584837,,,,26.0,,45000000.0,,,-2.3325386256855193e-08,,,,22.0,
Jakub Kiwior,Poland,24,30,2160.0,24.0,1.0,2.0,3.0,1.0,0.0,0.0,2.0,0.0,0.3,0.3,1.1,1.4,7.0,70.0,2.0,0.04,0.08,0.12,0.04,0.12,0.01,0.05,0.07,0.01,0.07,,0.1,1.76,0.43,0.86,3.56,1.05,,,,,,,,,,,,,,,,,,,Centre-Back,15.02.2000 (25),"1,89m",left,€28.00m,Arsenal,Premier League,DF,0.2916666666666667,0.1,2.9166666666666665,0.08333333333333333,0.0,,,-0.21251317525422397,,,,18.0,,28000000.0,,,-7.589756259079427e-09,,,,19.0,
Ben White,England,26,26,1533.0,17.0,0.0,2.0,2.0,0.0,0.0,0.0,3.0,0.0,0.6,0.6,1.5,2.1,28.0,88.0,54.0,0.0,0.12,0.12,0.0,0.12,0.04,0.09,0.12,0.04,0.12,,3.09,1.49,1.13,0.95,3.27,1.43,,,,,,,,,,,,,,,,,,,Right-Back,08.10.1997 (27),"1,86m",right,€45.00m,Arsenal,Premier League,DF,1.6470588235294117,3.09,5.176470588235294,0.17647058823529413,0.0,,,0.0,,,,,,45000000.0,,,0.0,,,,,
Riccardo Calafiori,Italy,22,29,1496.0,16.6,3.0,2.0,5.0,3.0,0.0,0.0,7.0,0.0,1.5,1.5,1.3,2.8,30.0,67.0,39.0,0.18,0.12,0.3,0.18,0.3,0.1,0.09,0.18,0.1,0.18,,2.48,2.48,1.03,1.09,2.55,1.76,,,,,,,,,,,,,,,,,,,Left-Back,19.05.2002 (23),"1,88m",left,€35.00m,Arsenal,Premier League,DF,1.8072289156626504,2.48,4.036144578313253,0.4216867469879518,0.0,,,0.0,,,,,,35000000.0,,,0.0,,,,,
Jorginho,Italy,32,27,1455.0,16.2,1.0,0.0,1.0,0.0,1.0,1.0,5.0,0.0,0.8,0.1,0.6,0.6,13.0,65.0,11.0,0.06,0.0,0.06,0.0,0.0,0.07,0.05,0.13,0.01,0.06,"2020-21 UEFA Men's Player of the Year, 2020-21 Champions League Champion",,,,,,,3.21,86.92,89.8,9.09,0.53,0.94,1.87,2.01,0.67,0.4,0.67,,,,,,,,Defensive Midfield,20.12.1991 (33),"1,80m",right,€6.00m,Arsenal,Premier League,MF,0.53,0.94,9.09,0.308641975308642,0.0,,0.0,,,,,,,6000000.0,,0.0,,,,,,
Ethan Nwaneri,England,17,37,1387.0,15.4,9.0,2.0,11.0,9.0,0.0,0.0,1.0,0.0,1.9,1.9,1.6,3.5,56.0,39.0,129.0,0.58,0.13,0.71,0.58,0.71,0.15,0.13,0.28,0.15,0.28,,,,,,,,2.65,40.38,79.3,3.14,4.5,10.38,1.37,0.16,0.97,0.48,0.32,,,,,,,,Attacking Midfield,21.03.2007 (18),"1,76m",left,€55.00m,Arsenal,Premier League,MF,4.5,10.38,3.14,0.06493506493506493,0.0,,0.0,,,,,,,55000000.0,,0.0,,,,,,
Gabriel Jesus,Brazil,27,27,1207.0,13.4,7.0,2.0,9.0,7.0,0.0,0.0,5.0,0.0,4.4,4.4,1.1,5.5,21.0,24.0,93.0,0.52,0.15,0.67,0.52,0.67,0.45,0.12,0.57,0.45,0.57,"5x Domestic League Champion, 2016 Brazil Golden Ball",,,,,,,2.62,30.35,76.6,2.51,2.09,9.73,1.67,0.63,1.99,0.94,1.47,,,,,,,,Centre-Forward,03.04.1997 (28),"1,75m",right,€32.00m,Arsenal,Premier League,FWD,2.09,9.73,2.51,0.3731343283582089,0.0,0.0,,,,,,,,32000000.0,0.0,,,,,,,
Raheem Sterling,England,29,28,1147.0,12.7,1.0,5.0,6.0,1.0,0.0,1.0,5.0,0.0,3.0,2.2,1.3,3.5,39.0,23.0,107.0,0.08,0.39,0.47,0.08,0.47,0.33,0.15,0.48,0.24,0.39,"4x Premier League Champion, 2018-19 FWA Footballer of the Year",,,,,,,,,,,,,,,,,,,,,,,,,Right Winger,08.12.1994 (30),"1,70m",right,€10.00m,Arsenal,Premier League,FWD,3.070866141732284,8.425196850393702,1.8110236220472442,0.3937007874015748,0.0,0.0,,,,,,,,10000000.0,0.0,,,,,,,
Oleksandr Zinchenko,Ukraine,27,23,795.0,8.8,1.0,1.0,2.0,1.0,0.0,0.0,2.0,0.0,0.9,0.9,0.8,1.7,11.0,65.0,27.0,0.11,0.11,0.23,0.11,0.23,0.11,0.1,0.21,0.11,0.21,4x Premier League Champion,3.45,0.83,0.55,1.24,1.24,1.93,,,,,,,,,,,,,,,,,,,Left-Back,15.12.1996 (28),"1,75m",left,€20.00m,Arsenal,Premier League,DF,1.25,3.45,7.386363636363636,0.22727272727272727,0.0,,,0.0,,,,,,20000000.0,,,0.0,,,,,
Kieran Tierney,Scotland,27,20,456.0,5.1,1.0,0.0,1.0,1.0,0.0,0.0,0.0,0.0,0.4,0.4,1.5,1.9,10.0,22.0,36.0,0.2,0.0,0.2,0.2,0.2,0.08,0.36,0.44,0.08,0.44,4x Scottish Premiership Champion,,,,,,,,,,,,,,,,,,,,,,,,,Left-Back,05.06.1997 (28),"1,80m",left,€9.00m,Arsenal,Premier League,DF,1.9607843137254903,7.058823529411765,4.313725490196079,0.0,0.0,,,0.0,,,,,,9000000.0,,,0.0,,,,,
Jack Porter,England,16,1,90.0,1.0,0.0,0.0,0.0,0.0,0.0,0.0,0.0,0.0,,,,,,,,0.0,0.0,0.0,0.0,0.0,,,,,,,,,,,,,,,,,,,,,,,,,,,,,,,Goalkeeper,15.07.2008 (16),"1,87m",right,€400k,Arsenal,Premier League,GK,,,,0.0,0.0,,,,0.0,,,,,400000.0,,,,0.0,,,,
Tommy Setford,England,18,1,90.0,1.0,0.0,0.0,0.0,0.0,0.0,0.0,0.0,0.0,,,,,,,,0.0,0.0,0.0,0.0,0.0,,,,,,,,,,,,,,,,,,,,,,,,,,,,,,,Goalkeeper,13.03.2006 (19),"1,85m",right,-,Arsenal,Premier League,GK,,,,0.0,0.0,,,,0.0,,,,,,,,,,,,,
Josh Nichols,England,18,1,90.0,1.0,0.0,0.0,0.0,0.0,0.0,0.0,0.0,0.0,,,,,,,,0.0,0.0,0.0,0.0,0.0,,,,,,,,,,,,,,,,,,,,,,,,,,,,,,,Right-Back,26.07.2006 (18),-,,-,Arsenal,Premier League,DF,,,,0.0,0.0,,,0.0,,,,,,,,,,,,,,
Neto,Brazil,35,1,90.0,1.0,0.0,0.0,0.0,0.0,0.0,0.0,0.0,0.0,0.0,0.0,0.0,0.0,0.0,0.0,0.0,0.0,0.0,0.0,0.0,0.0,0.0,0.0,0.0,0.0,0.0,2016-17 Serie A Champion,,,,,,,,,,,,,,,,,,,,,,,,,Goalkeeper,19.07.1989 (35),"1,90m",right,€1.50m,Arsenal,Premier League,GK,0.0,0.0,0.0,0.0,0.0,,,,0.0,,,,,1500000.0,,,,0.0,,,,
Maldini Kacurri,Albania,18,1,21.0,0.2,0.0,0.0,0.0,0.0,0.0,0.0,0.0,0.0,,,,,,,,0.0,0.0,0.0,0.0,0.0,,,,,,,,,,,,,,,,,,,,,,,,,,,,,,,Centre-Back,04.10.2005 (19),"1,89m",,€300k,Arsenal,Premier League,DF,,,,0.0,0.0,,,0.0,,,,,,300000.0,,,0.0,,,,,
Ayden Heaven,England,17,1,11.0,0.1,0.0,0.0,0.0,0.0,0.0,0.0,0.0,0.0,,,,,,,,0.0,0.0,0.0,0.0,0.0,,,,,,,,,,,,,,,,,,,,,,,,,,,,,,,Centre-Back,22.09.2006 (18),"1,89m",left,€5.00m,Arsenal,Premier League,DF,,,,0.0,0.0,,,0.0,,,,,,5000000.0,,,0.0,,,,,
Ismeal Kabia,England,18,1,10.0,0.1,0.0,0.0,0.0,0.0,0.0,0.0,0.0,0.0,,,,,,,,0.0,0.0,0.0,0.0,0.0,,,,,,,,,,,,,,,,,,,,,,,,,,,,,,,Right Winger,10.12.2005 (19),-,right,-,Arsenal,Premier League,FWD,,,,0.0,0.0,0.0,,,,,,,,,,,,,,,,
Nathan Butler-Oyedeji,England,21,2,8.0,0.1,0.0,0.0,0.0,0.0,0.0,0.0,0.0,0.0,0.1,0.1,0.0,0.1,0.0,0.0,0.0,0.0,0.0,0.0,0.0,0.0,0.82,0.0,0.82,0.82,0.82,,,,,,,,,,,,,,,,,,,,,,,,,,Centre-Forward,04.01.2003 (22),"1,77m",right,€1.00m,Arsenal,Premier League,FWD,0.0,0.0,0.0,0.0,0.0,0.0,,,,,,,,1000000.0,0.0,,,,,,,
Takehiro Tomiyasu,Japan,25,1,7.0,0.1,0.0,0.0,0.0,0.0,0.0,0.0,0.0,0.0,0.2,0.2,0.0,0.2,0.0,1.0,0.0,0.0,0.0,0.0,0.0,0.0,2.37,0.0,2.37,2.37,2.37,,,,,,,,,,,,,,,,,,,,,,,,,,Right-Back,05.11.1998 (26),"1,88m",right,€18.00m,Arsenal,Premier League,DF,0.0,0.0,10.0,0.0,0.0,,,0.0,,,,,,18000000.0,,,0.0,,,,,
Reiss Nelson,England,24,1,3.0,0.0,0.0,0.0,0.0,0.0,0.0,0.0,0.0,0.0,0.0,0.0,0.0,0.0,0.0,0.0,0.0,0.0,0.0,0.0,0.0,0.0,0.0,0.0,0.0,0.0,0.0,2017-18 Premier League 2 — Division 1 Champion,,,,,,,,,,,,,,,,,,,,,,,,,Right Winger,10.12.1999 (25),"1,75m",right,€16.00m,Arsenal,Premier League,FWD,,,,,,0.0,,,,,,,,16000000.0,0.0,,,,,,,
Alexei Rojas,Colombia,18,0,,,,,,,,,,,,,,,,,,,,,,,,,,,,,,,,,,,,,,,,,,,,,,,,,,,,,Goalkeeper,28.09.2005 (19),"1,87m",right,€250k,Arsenal,Premier League,GK,,,,,,,,,0.0,,,,,250000.0,,,,0.0,,,,
Brayden Clarke,Wales,17,0,,,,,,,,,,,,,,,,,,,,,,,,,,,,,,,,,,,,,,,,,,,,,,,,,,,,,Centre-Back,03.07.2007 (17),-,right,-,Arsenal,Premier League,DF,,,,,,,,0.0,,,,,,,,,,,,,,
Aaron Ramsdale,England,26,0,,,,,,,,,,,,,,,,,,,,,,,,,,,,,,,,,,,,,,,,,,,,,,67.6,0.32,28.6,10.0,5.5,0.67,11.7,Goalkeeper,14.05.1998 (27),"1,90m",right,€16.00m,Arsenal,Premier League,GK,,,,,,,,,0.0,,,,,16000000.0,,,,0.0,,,,
Eddie Nketiah,England,25,0,,,,,,,,,,,,,,,,,,,,,,,,,,,,2017-18 Premier League 2 — Division 1 Champion,,,,,,,,,,,,,,,,,,,,,,,,,Centre-Forward,30.05.1999 (26),"1,75m",right,€18.00m,Arsenal,Premier League,FWD,,,,,,0.0,,,,,,,,18000000.0,0.0,,,,,,,
Zane Monlouis,England,20,0,,,,,,,,,,,,,,,,,,,,,,,,,,,,,0.35,0.35,1.05,1.23,6.13,2.45,,,,,,,,,,,,,,,,,,,Centre-Back,16.10.2003 (21),"1,86m",right,€400k,Arsenal,Premier League,DF,,0.35,,,,,,0.0,,,,,,400000.0,,,0.0,,,,,
Jack Henry-Francis,Ireland,20,0,,,,,,,,,,,,,,,,,,,,,,,,,,,,,,,,,,,,,,,,,,,,,,,,,,,,,Defensive Midfield,23.09.2003 (21),"1,81m",,€200k,Arsenal,Premier League,MF,,,,,,,0.0,,,,,,,200000.0,,0.0,,,,,,
Josh Robinson,England,19,0,,,,,,,,,,,,,,,,,,,,,,,,,,,,,,,,,,,,,,,,,,,,,,,,,,,,,Right-Back,20.12.2004 (20),-,right,-,Arsenal,Premier League,DF,,,,,,,,0.0,,,,,,,,,,,,,,
Michal Rosiak,Poland,18,0,,,,,,,,,,,,,,,,,,,,,,,,,,,,,,,,,,,,,,,,,,,,,,,,,,,,,Defensive Midfield,12.10.2005 (19),"1,80m",right,-,Arsenal,Premier League,MF,,,,,,,0.0,,,,,,,,,,,,,,,
Jimi Gower,England,19,0,,,,,,,,,,,,,,,,,,,,,,,,,,,,,,,,,,,,,,,,,,,,,,,,,,,,,Central Midfield,01.10.2004 (20),"1,81m",right,-,Arsenal,Premier League,MF,,,,,,,0.0,,,,,,,,,,,,,,,
Mohamed Salah,Egypt,32,52,4490.0,49.9,34.0,23.0,57.0,23.0,11.0,12.0,1.0,0.0,30.2,21.6,17.7,39.3,191.0,184.0,602.0,0.68,0.46,1.14,0.46,0.92,0.66,0.38,1.04,0.47,0.85,"2x African Footballer of the Year, 2x Premier League Player of the Season, 4x Domestic League Champion, 2018-19 Champions League Champion, 3x FWA Footballer of the Year, 2x PFA Players' Player of the Year",,,,,,,,,,,,,,,,,,,,,,,,,Right Winger,15.06.1992 (33),"1,75m",left,€50.00m,Liverpool,Premier League,FWD,3.8276553106212425,12.064128256513026,3.687374749498998,0.02004008016032064,0.0,0.8520372962924688,,,,3.0,,,,50000000.0,1.7040745925849378e-08,,,,,,,
Virgil van Dijk,Netherlands,33,49,4436.0,49.3,5.0,1.0,6.0,5.0,0.0,0.0,7.0,0.0,2.9,2.9,0.8,3.7,23.0,234.0,6.0,0.1,0.02,0.12,0.1,0.12,0.06,0.02,0.08,0.06,0.08,"2018-19 Premier League Player of the Season, 2018-19 UEFA Men's Player of the Year, 5x Domestic League Champion, 2018-19 Champions League Champion, 2018-19 PFA Players' Player of the Year",0.15,0.97,1.38,0.84,4.88,3.04,,,,,,,,,,,,,,,,,,,Centre-Back,08.07.1991 (33),"1,95m",right,€23.00m,Liverpool,Premier League,DF,0.4665314401622718,0.15,4.7464503042596355,0.14198782961460446,0.0,,,0.5690115840114662,,,,4.0,,23000000.0,,,2.4739634087455054e-08,,,,,
Ryan Gravenberch,Netherlands,22,49,4196.0,46.6,0.0,4.0,4.0,0.0,0.0,0.0,7.0,1.0,1.1,1.1,3.8,4.9,87.0,232.0,72.0,0.0,0.09,0.09,0.0,0.09,0.03,0.09,0.11,0.03,0.11,4x Domestic League Champion,,,,,,,1.87,53.28,89.5,5.3,1.99,1.68,2.06,1.87,1.05,1.49,0.68,,,,,,,,Defensive Midfield,16.05.2002 (23),"1,90m",right,€75.00m,Liverpool,Premier League,MF,1.99,1.68,5.3,0.1502145922746781,0.02145922746781116,,-0.5683271038527296,,,,21.0,,,75000000.0,,-7.577694718036394e-09,,,,19.0,,
Alexis Mac Allister,Argentina,25,49,3558.0,39.5,7.0,6.0,13.0,7.0,0.0,0.0,11.0,0.0,4.3,4.3,7.0,11.3,44.0,221.0,92.0,0.18,0.15,0.33,0.18,0.33,0.12,0.19,0.31,0.12,0.31,"2x Domestic League Champion, 2022 World Cup Champion",,,,,,,4.12,52.03,83.8,6.03,1.24,2.57,3.24,0.86,2.21,1.0,0.53,,,,,,,,Central Midfield,24.12.1998 (26),"1,76m",right,€100.00m,Liverpool,Premier League,MF,1.24,2.57,6.03,0.27848101265822783,0.0,,-0.18661022260664484,,,,15.0,,,100000000.0,,-1.8661022260664483e-09,,,,14.0,,
Dominik Szoboszlai,Hungary,23,49,3421.0,38.0,8.0,8.0,16.0,8.0,0.0,0.0,6.0,0.0,8.4,8.4,8.1,16.5,84.0,169.0,158.0,0.21,0.21,0.42,0.21,0.42,0.24,0.23,0.47,0.24,0.47,4x Domestic League Champion,,,,,,,4.0,47.74,83.7,4.78,2.39,4.52,1.44,0.35,1.44,0.72,0.6,,,,,,,,Attacking Midfield,25.10.2000 (24),"1,87m",right,€80.00m,Liverpool,Premier League,MF,2.39,4.52,4.78,0.15789473684210525,0.0,,-0.19689859813066019,,,,16.0,,,80000000.0,,-2.461232476633252e-09,,,,15.0,,
Ibrahima Konaté,France,25,42,3365.0,37.4,2.0,2.0,4.0,2.0,0.0,0.0,8.0,0.0,2.2,2.2,1.0,3.2,27.0,134.0,3.0,0.05,0.05,0.11,0.05,0.11,0.06,0.03,0.09,0.06,0.09,2024-25 Premier League Champion,0.08,1.22,0.69,1.05,4.7,2.32,,,,,,,,,,,,,,,,,,,Centre-Back,25.05.1999 (26),"1,94m",right,€60.00m,Liverpool,Premier League,DF,0.7219251336898396,0.08,3.5828877005347595,0.21390374331550802,0.0,,,0.14969926171664638,,,,11.0,,60000000.0,,,2.4949876952774397e-09,,,,11.0,
Luis Díaz,Colombia,27,50,3323.0,36.9,17.0,5.0,22.0,17.0,0.0,0.0,3.0,0.0,14.5,14.5,6.2,20.7,134.0,133.0,371.0,0.46,0.14,0.6,0.46,0.6,0.43,0.18,0.61,0.43,0.61,4x Domestic League Champion,,,,,,,,,,,,,,,,,,,,,,,,,Left Winger,13.01.1997 (28),"1,80m",right,€70.00m,Liverpool,Premier League,FWD,3.631436314363144,10.05420054200542,3.604336043360434,0.08130081300813008,0.0,-0.25849083185028227,,,,14.0,,,,70000000.0,-3.6927261692897468e-09,,,,14.0,,,
Andrew Robertson,Scotland,30,45,3311.0,36.8,0.0,2.0,2.0,0.0,0.0,0.0,5.0,1.0,1.6,1.6,5.3,6.9,76.0,214.0,127.0,0.0,0.05,0.05,0.0,0.05,0.05,0.16,0.21,0.05,0.21,"2x Premier League Champion, 2018-19 Champions League Champion",3.8,1.33,0.75,0.48,2.23,0.27,,,,,,,,,,,,,,,,,,,Left-Back,11.03.1994 (31),"1,78m",left,€18.00m,Liverpool,Premier League,DF,2.065217391304348,3.8,5.815217391304349,0.13586956521739132,0.027173913043478264,,,-0.6535106771129382,,,,23.0,,18000000.0,,,-3.6306148728496564e-08,,,,,
Alisson,Brazil,31,35,3168.0,35.2,0.0,0.0,0.0,0.0,0.0,0.0,0.0,0.0,0.0,0.0,0.6,0.6,0.0,1.0,0.0,0.0,0.0,0.0,0.0,0.0,0.0,0.02,0.02,0.0,0.02,"2019 The Best FIFA Men's Goalkeeper, 2x Premier League Champion, 2018-19 Champions League Champion",,,,,,,,,,,,,,,,,,73.4,0.29,0.0,33.3,4.8,1.62,15.4,Goalkeeper,02.10.1992 (32),"1,93m",right,€20.00m,Liverpool,Premier League,GK,0.0,0.0,0.028409090909090908,0.0,0.0,,,,-0.004035896205306123,,,,6.0,20000000.0,,,,-2.0179481026530617e-10,,,,
Trent Alexander-Arnold,England,25,44,3073.0,34.1,4.0,7.0,11.0,4.0,0.0,0.0,5.0,0.0,2.3,2.3,7.8,10.2,56.0,278.0,110.0,0.12,0.21,0.32,0.12,0.32,0.07,0.24,0.31,0.07,0.31,"2x Premier League Champion, 2018-19 Champions League Champion",3.46,2.7,1.23,0.88,1.89,0.13,,,,,,,,,,,,,,,,,,,Right-Back,07.10.1998 (26),"1,80m",right,€75.00m,Liverpool,Premier League,DF,1.6422287390029324,3.46,8.1524926686217,0.14662756598240467,0.0,,,0.28171328230905546,,,,9.0,,75000000.0,,,3.756177097454073e-09,,,,10.0,
Cody Gakpo,Netherlands,25,49,2690.0,29.9,18.0,6.0,24.0,17.0,1.0,1.0,5.0,0.0,9.7,8.9,5.8,14.7,80.0,68.0,327.0,0.6,0.2,0.8,0.57,0.77,0.38,0.23,0.61,0.35,0.58,"2024-25 Premier League Champion, 2021-22 Netherlands Footballer of the Year",,,,,,,,,,,,,,,,,,,,,,,,,Left Winger,07.05.1999 (26),"1,93m",right,€70.00m,Liverpool,Premier League,FWD,2.6755852842809364,10.936454849498329,2.2742474916387962,0.16722408026755853,0.0,-0.050695557336700094,,,,10.0,,,,70000000.0,-7.242222476671442e-10,,,,11.0,,,
Curtis Jones,England,23,46,2438.0,27.1,3.0,6.0,9.0,3.0,0.0,0.0,3.0,1.0,4.7,4.7,3.0,7.7,44.0,135.0,103.0,0.11,0.22,0.33,0.11,0.33,0.21,0.14,0.34,0.21,0.34,2x Premier League Champion,,,,,,,2.9,57.15,92.7,5.97,1.9,4.45,1.95,0.39,1.21,0.48,0.73,,,,,,,,Central Midfield,30.01.2001 (24),"1,85m",right,€45.00m,Liverpool,Premier League,MF,1.9,4.45,5.97,0.11070110701107011,0.03690036900369004,,-0.1556679133300909,,,,13.0,,,45000000.0,,-3.4592869628909086e-09,,,,17.0,,
Darwin Núñez,Uruguay,25,47,2058.0,22.9,7.0,5.0,12.0,7.0,0.0,0.0,9.0,0.0,8.6,8.6,1.8,10.5,35.0,39.0,114.0,0.31,0.22,0.52,0.31,0.52,0.5,0.1,0.6,0.5,0.6,"2x Domestic League Champion, 2021-22 Portuguese Best Player",,,,,,,,,,,,,,,,,,,,,,,,,Centre-Forward,24.06.1999 (26),"1,87m",right,€45.00m,Liverpool,Premier League,FWD,1.5283842794759825,4.978165938864629,1.7030567685589522,0.39301310043668125,0.0,-0.8575964566390131,,,,21.0,,,,45000000.0,-1.9057699036422514e-08,,,,20.0,,,
Diogo Jota,Portugal,27,37,1831.0,20.3,9.0,3.0,12.0,9.0,0.0,0.0,2.0,0.0,8.9,8.9,2.0,10.8,39.0,45.0,99.0,0.44,0.15,0.59,0.44,0.59,0.56,0.12,0.68,0.56,0.68,2024-25 Premier League Champion,,,,,,,,,,,,,,,,,,,,,,,,,Centre-Forward,04.12.1996 (28),"1,78m",right,€40.00m,Liverpool,Premier League,FWD,1.921182266009852,4.876847290640394,2.216748768472906,0.09852216748768472,0.0,-0.4119380227711244,,,,16.0,,,,40000000.0,-1.029845056927811e-08,,,,18.0,,,
Caoimhín Kelleher,Ireland,25,20,1800.0,20.0,0.0,0.0,0.0,0.0,0.0,0.0,0.0,0.0,0.0,0.0,0.0,0.0,0.0,0.0,0.0,0.0,0.0,0.0,0.0,0.0,0.0,0.0,0.0,0.0,0.0,2024-25 Premier League Champion,,,,,,,,,,,,,,,,,,69.5,0.32,100.0,46.7,4.6,1.27,15.2,Goalkeeper,23.11.1998 (26),"1,88m",right,€20.00m,Liverpool,Premier League,GK,0.0,0.0,0.0,0.0,0.0,,,,0.2913563873661037,,,,2.0,20000000.0,,,,1.4567819368305186e-08,,,,2.0
Conor Bradley,Northern Ireland,21,29,1391.0,15.5,0.0,4.0,4.0,0.0,0.0,0.0,4.0,0.0,1.0,1.0,1.7,2.7,44.0,44.0,54.0,0.0,0.26,0.26,0.0,0.26,0.09,0.15,0.24,0.09,0.24,2024-25 Premier League Champion,4.78,2.12,0.44,1.06,3.19,1.24,,,,,,,,,,,,,,,,,,,Right-Back,09.07.2003 (21),"1,81m",right,€30.00m,Liverpool,Premier League,DF,2.838709677419355,4.78,2.838709677419355,0.25806451612903225,0.0,,,0.0,,,,,,30000000.0,,,0.0,,,,,
Jarell Quansah,England,21,25,1298.0,14.4,0.0,0.0,0.0,0.0,0.0,0.0,3.0,0.0,0.6,0.6,0.1,0.7,5.0,24.0,5.0,0.0,0.0,0.0,0.0,0.0,0.07,0.01,0.09,0.07,0.09,2024-25 Premier League Champion,0.66,1.45,1.32,1.59,4.76,1.06,,,,,,,,,,,,,,,,,,,Centre-Back,29.01.2003 (22),"1,90m",right,€20.00m,Liverpool,Premier League,DF,0.3472222222222222,0.66,1.6666666666666665,0.20833333333333331,0.0,,,0.0,,,,,,20000000.0,,,0.0,,,,,
Wataru Endo,Japan,31,32,879.0,9.8,0.0,0.0,0.0,0.0,0.0,0.0,1.0,0.0,0.0,0.0,0.1,0.1,2.0,23.0,10.0,0.0,0.0,0.0,0.0,0.0,0.0,0.01,0.01,0.0,0.01,2024-25 Premier League Champion,,,,,,,,,,,,,,,,,,,,,,,,,Defensive Midfield,09.02.1993 (32),"1,78m",right,€8.00m,Liverpool,Premier League,MF,0.2040816326530612,1.0204081632653061,2.346938775510204,0.1020408163265306,0.0,,0.0,,,,,,,8000000.0,,0.0,,,,,,
Joe Gomez,England,27,17,876.0,9.7,0.0,0.0,0.0,0.0,0.0,0.0,2.0,0.0,0.5,0.5,0.1,0.6,7.0,45.0,5.0,0.0,0.0,0.0,0.0,0.0,0.06,0.02,0.08,0.06,0.08,"2x Premier League Champion, 2018-19 Champions League Champion",0.68,2.05,1.23,1.77,4.09,1.5,,,,,,,,,,,,,,,,,,,Centre-Back,23.05.1997 (28),"1,88m",right,€20.00m,Liverpool,Premier League,DF,0.7216494845360826,0.68,4.639175257731959,0.2061855670103093,0.0,,,0.0,,,,,,20000000.0,,,0.0,,,,,
Harvey Elliott,England,21,28,838.0,9.3,5.0,3.0,8.0,5.0,0.0,0.0,4.0,0.0,2.4,2.4,1.1,3.6,13.0,53.0,40.0,0.54,0.32,0.86,0.54,0.86,0.42,0.19,0.61,0.42,0.61,2024-25 Premier League Champion,,,,,,,4.48,64.76,81.5,8.8,2.16,6.64,0.83,0.66,1.33,0.83,0.17,,,,,,,,Attacking Midfield,04.04.2003 (22),"1,70m",left,€30.00m,Liverpool,Premier League,MF,2.16,6.64,8.8,0.4301075268817204,0.0,,0.0,,,,,,,30000000.0,,0.0,,,,,,
Federico Chiesa,Italy,26,14,470.0,5.2,2.0,1.0,3.0,2.0,0.0,0.0,1.0,0.0,0.5,0.5,0.2,0.7,7.0,7.0,20.0,0.38,0.19,0.57,0.38,0.57,0.21,0.07,0.28,0.21,0.28,2024-25 Premier League Champion,,,,,,,,,,,,,,,,,,,,,,,,,Right Winger,25.10.1997 (27),"1,75m",right,€14.00m,Liverpool,Premier League,FWD,1.346153846153846,3.846153846153846,1.346153846153846,0.1923076923076923,0.0,0.0,,,,,,,,14000000.0,0.0,,,,,,,
Tyler Morton,England,21,5,260.0,2.9,0.0,1.0,1.0,0.0,0.0,0.0,1.0,0.0,0.0,0.0,0.0,0.0,1.0,2.0,0.0,0.0,0.35,0.35,0.0,0.35,0.08,0.0,0.08,0.08,0.08,,,,,,,,,,,,,,,,,,,,,,,,,,Defensive Midfield,31.10.2002 (22),"1,85m",right,€7.00m,Liverpool,Premier League,MF,0.3448275862068966,0.0,0.6896551724137931,0.3448275862068966,0.0,,0.0,,,,,,,7000000.0,,0.0,,,,,,
James McConnell,England,19,4,239.0,2.7,0.0,0.0,0.0,0.0,0.0,0.0,1.0,0.0,0.0,0.0,0.0,0.0,3.0,5.0,1.0,0.0,0.0,0.0,0.0,0.0,0.0,0.0,0.0,0.0,0.0,,,,,,,,,,,,,,,,,,,,,,,,,,Central Midfield,13.09.2004 (20),-,,€2.00m,Liverpool,Premier League,MF,1.111111111111111,0.37037037037037035,1.8518518518518516,0.37037037037037035,0.0,,0.0,,,,,,,2000000.0,,0.0,,,,,,
Trey Nyoni,England,17,5,226.0,2.5,0.0,1.0,1.0,0.0,0.0,0.0,1.0,0.0,0.0,0.0,0.0,0.0,0.0,1.0,1.0,0.0,0.4,0.4,0.0,0.4,0.0,0.0,0.0,0.0,0.0,,,,,,,,,,,,,,,,,,,,,,,,,,Central Midfield,30.06.2007 (18),"1,80m",right,€4.50m,Liverpool,Premier League,MF,0.0,0.4,0.4,0.4,0.0,,0.0,,,,,,,4500000.0,,0.0,,,,,,
Jayden Danns,England,18,4,117.0,1.3,1.0,0.0,1.0,1.0,0.0,0.0,0.0,0.0,0.1,0.1,0.0,0.1,1.0,3.0,0.0,0.77,0.0,0.77,0.77,0.77,0.07,0.0,0.07,0.07,0.07,,,,,,,,,,,,,,,,,,,,,,,,,,Centre-Forward,16.01.2006 (19),"1,83m",right,€800k,Liverpool,Premier League,FWD,0.7692307692307692,0.0,2.3076923076923075,0.0,0.0,0.0,,,,,,,,800000.0,0.0,,,,,,,
Vitezslav Jaros,Czech Republic,23,2,102.0,1.1,0.0,0.0,0.0,0.0,0.0,0.0,0.0,0.0,0.0,0.0,0.0,0.0,0.0,0.0,0.0,0.0,0.0,0.0,0.0,0.0,0.0,0.0,0.0,0.0,0.0,2023-24 Austrian Bundesliga Champion,,,,,,,,,,,,,,,,,,,,,,,,,Goalkeeper,23.07.2001 (23),"1,90m",right,€4.00m,Liverpool,Premier League,GK,0.0,0.0,0.0,0.0,0.0,,,,0.0,,,,,4000000.0,,,,0.0,,,,
Rio Ngumoha,England,15,1,71.0,0.8,0.0,0.0,0.0,0.0,0.0,0.0,0.0,0.0,,,,,,,,0.0,0.0,0.0,0.0,0.0,,,,,,,,,,,,,,,,,,,,,,,,,,,,,,,Left Winger,29.08.2008 (16),"1,70m",right,-,Liverpool,Premier League,FWD,,,,0.0,0.0,0.0,,,,,,,,,,,,,,,,
Isaac Mabaya,England,19,1,47.0,0.5,0.0,0.0,0.0,0.0,0.0,0.0,1.0,0.0,,,,,,,,0.0,0.0,0.0,0.0,0.0,,,,,,,,,,,,,,,,,,,,,,,,,,,,,,,Right-Back,22.09.2004 (20),-,right,-,Liverpool,Premier League,DF,,,,2.0,0.0,,,0.0,,,,,,,,,,,,,,
Amara Nallo,England,17,1,4.0,0.0,0.0,0.0,0.0,0.0,0.0,0.0,0.0,1.0,0.0,0.0,0.0,0.0,0.0,0.0,0.0,0.0,0.0,0.0,0.0,0.0,0.0,0.0,0.0,0.0,0.0,,,,,,,,,,,,,,,,,,,,,,,,,,Centre-Back,18.11.2006 (18),"1,86m",both,€1.00m,Liverpool,Premier League,DF,,,,,,,,0.0,,,,,,1000000.0,,,0.0,,,,,
Kieran Morrison,Northern Ireland,17,0,,,,,,,,,,,,,,,,,,,,,,,,,,,,,,,,,,,,,,,,,,,,,,,,,,,,,Attacking Midfield,09.11.2006 (18),"1,80m",left,-,Liverpool,Premier League,MF,,,,,,,0.0,,,,,,,,,,,,,,,
Harvey Davies,England,20,0,,,,,,,,,,,,,,,,,,,,,,,,,,,,,,,,,,,,,,,,,,,,,,,,,,,,,Goalkeeper,03.09.2003 (21),"1,90m",left,€500k,Liverpool,Premier League,GK,,,,,,,,,0.0,,,,,500000.0,,,,0.0,,,,
James Norris,England,21,0,,,,,,,,,,,,,,,,,,,,,,,,,,,,,,,,,,,,,,,,,,,,,,,,,,,,,Left-Back,04.04.2003 (22),"1,72m",left,€150k,Liverpool,Premier League,DF,,,,,,,,0.0,,,,,,150000.0,,,0.0,,,,,
Ranel Young,England,18,0,,,,,,,,,,,,,,,,,,,,,,,,,,,,,,,,,,,,,,,,,,,,,,,,,,,,,Right Winger,26.12.2005 (19),-,,-,Liverpool,Premier League,FWD,,,,,,0.0,,,,,,,,,,,,,,,,
Willian Pacho,Ecuador,22,52,4133.0,45.9,0.0,2.0,2.0,0.0,0.0,0.0,2.0,0.0,0.3,0.3,0.5,0.8,6.0,89.0,3.0,0.0,0.04,0.04,0.0,0.04,0.01,0.01,0.02,0.01,0.02,"3x Domestic League Champion, 2024-25 Champions League Champion",0.08,2.03,1.48,1.28,4.07,1.53,,,,,,,,,,,,,,,,,,,Centre-Back,16.10.2001 (23),"1,87m",left,€65.00m,PSG,Ligue 1,DF,0.13071895424836602,0.08,1.9389978213507626,0.04357298474945534,0.0,,,0.9087037193867246,,,,1.0,,65000000.0,,,1.3980057221334224e-08,,,,5.0,
Achraf Hakimi,Morocco,25,48,4102.0,45.6,9.0,12.0,21.0,9.0,0.0,0.0,7.0,0.0,6.1,6.1,10.8,16.9,168.0,293.0,434.0,0.2,0.26,0.46,0.2,0.46,0.15,0.27,0.43,0.15,0.43,"5x Domestic League Champion, 2024-25 Champions League Champion",10.79,2.08,1.12,1.24,1.09,0.38,,,,,,,,,,,,,,,,,,,Right-Back,04.11.1998 (26),"1,81m",right,€80.00m,PSG,Ligue 1,DF,3.6842105263157894,10.79,6.425438596491228,0.15350877192982457,0.0,,,0.3310238143373216,,,,7.0,,80000000.0,,,4.13779767921652e-09,,,,8.0,
Vitinha,Portugal,24,52,3927.0,43.6,7.0,3.0,10.0,4.0,3.0,4.0,1.0,0.0,5.7,2.6,4.7,7.3,77.0,327.0,78.0,0.16,0.07,0.23,0.09,0.16,0.15,0.12,0.27,0.07,0.19,"5x Domestic League Champion, 2024-25 Champions League Champion",,,,,,,3.35,98.25,93.0,8.38,2.01,1.99,1.57,0.9,0.88,1.24,0.05,,,,,,,,Central Midfield,13.02.2000 (25),"1,72m",right,€80.00m,PSG,Ligue 1,MF,2.01,1.99,8.38,0.02293577981651376,0.0,,0.2548513976600287,,,,6.0,,,80000000.0,,3.1856424707503585e-09,,,,7.0,,
João Neves,Portugal,19,52,3776.0,42.0,5.0,9.0,14.0,5.0,0.0,0.0,4.0,0.0,5.1,5.1,5.7,10.8,57.0,234.0,112.0,0.12,0.21,0.33,0.12,0.33,0.14,0.16,0.3,0.14,0.3,"2x Domestic League Champion, 2024-25 Champions League Champion",,,,,,,3.07,73.11,91.4,6.35,1.56,2.95,3.26,0.95,1.37,1.37,1.0,,,,,,,,Central Midfield,27.09.2004 (20),"1,74m",right,€80.00m,PSG,Ligue 1,MF,1.56,2.95,6.35,0.09523809523809523,0.0,,0.01229229105812755,,,,9.0,,,80000000.0,,1.5365363822659437e-10,,,,9.0,,
Bradley Barcola,France,21,58,3655.0,40.6,21.0,18.0,39.0,21.0,0.0,0.0,4.0,0.0,19.5,19.5,13.9,33.3,198.0,121.0,551.0,0.52,0.44,0.96,0.52,0.96,0.54,0.38,0.92,0.54,0.92,"2x Ligue 1 Champion, 2024-25 Champions League Champion",,,,,,,,,,,,,,,,,,,,,,,,,Left Winger,02.09.2002 (22),"1,82m",right,€70.00m,PSG,Ligue 1,FWD,4.876847290640394,13.571428571428571,2.980295566502463,0.09852216748768472,0.0,0.5966194953716039,,,,7.0,,,,70000000.0,8.523135648165769e-09,,,,5.0,,,
Nuno Mendes,Portugal,22,46,3572.0,39.7,5.0,5.0,10.0,5.0,0.0,0.0,8.0,0.0,4.4,4.4,6.3,10.6,100.0,225.0,155.0,0.13,0.13,0.25,0.13,0.25,0.13,0.18,0.31,0.13,0.31,"5x Domestic League Champion, 2024-25 Champions League Champion",4.48,2.26,1.17,1.11,2.51,1.0,,,,,,,,,,,,,,,,,,,Left-Back,19.06.2002 (23),"1,80m",left,€70.00m,PSG,Ligue 1,DF,2.5188916876574305,4.48,5.6675062972292185,0.20151133501259444,0.0,,,0.44603674350213796,,,,5.0,,70000000.0,,,6.371953478601971e-09,,,,7.0,
Gianluigi Donnarumma,Italy,25,40,3561.0,39.6,0.0,0.0,0.0,0.0,0.0,0.0,2.0,0.0,0.0,0.0,0.0,0.0,0.0,0.0,0.0,0.0,0.0,0.0,0.0,0.0,0.0,0.0,0.0,0.0,0.0,"4x Ligue 1 Champion, 2024-25 Champions League Champion",,,,,,,,,,,,,,,,,,68.6,0.31,0.0,27.0,6.4,0.86,12.6,Goalkeeper,25.02.1999 (26),"1,96m",right,€40.00m,PSG,Ligue 1,GK,0.0,0.0,0.0,0.050505050505050504,0.0,,,,-0.6847765473283537,,,,8.0,40000000.0,,,,-1.7119413683208843e-08,,,,7.0
Marquinhos,Brazil,30,42,3554.0,39.5,3.0,0.0,3.0,3.0,0.0,0.0,7.0,0.0,1.8,1.8,1.4,3.2,36.0,238.0,5.0,0.08,0.0,0.08,0.08,0.08,0.05,0.04,0.09,0.05,0.09,"10x Ligue 1 Champion, 3x Coupe de la Ligue Champion, 2024-25 Champions League Champion",0.14,1.69,0.49,1.43,4.61,2.09,,,,,,,,,,,,,,,,,,,Centre-Back,14.05.1994 (31),"1,83m",right,€35.00m,PSG,Ligue 1,DF,0.9113924050632911,0.14,6.025316455696203,0.17721518987341772,0.0,,,0.36793242101705126,,,,6.0,,35000000.0,,,1.0512354886201465e-08,,,,,
Ousmane Dembélé,France,27,49,3307.0,36.7,33.0,13.0,46.0,32.0,1.0,1.0,3.0,1.0,24.7,23.9,11.9,35.8,216.0,224.0,390.0,0.9,0.35,1.25,0.87,1.22,0.78,0.38,1.15,0.75,1.13,"2024-25 Ligue 1 Male Player of the Year, 5x Domestic League Champion, 2024-25 Champions League Champion, 2018 World Cup Champion",,,,,,,,,,,,,,,,,,,,,,,,,Right Winger,15.05.1997 (28),"1,78m",both,€90.00m,PSG,Ligue 1,FWD,5.885558583106267,10.626702997275203,6.103542234332425,0.08174386920980926,0.02724795640326975,1.4510584412936633,,,,1.0,,,,90000000.0,1.6122871569929593e-08,,,,4.0,,,
Désiré Doué,France,19,54,3012.0,33.5,15.0,14.0,29.0,15.0,0.0,0.0,2.0,0.0,7.8,7.8,10.4,18.2,149.0,166.0,296.0,0.45,0.42,0.87,0.45,0.87,0.29,0.38,0.67,0.29,0.67,"2024-25 Ligue 1 Champion, 2024-25 Champions League Champion",,,,,,,,,,,,,,,,,,,,,,,,,Right Winger,03.06.2005 (20),"1,81m",right,€90.00m,PSG,Ligue 1,FWD,4.447761194029851,8.835820895522389,4.955223880597015,0.05970149253731343,0.0,-0.08850973654293343,,,,11.0,,,,90000000.0,-9.834415171437048e-10,,,,12.0,,,
Warren Zaïre-Emery,France,18,48,2986.0,33.2,3.0,2.0,5.0,3.0,0.0,0.0,3.0,0.0,2.9,2.9,1.8,4.7,64.0,179.0,113.0,0.09,0.06,0.15,0.09,0.15,0.1,0.06,0.16,0.1,0.16,"3x Ligue 1 Champion, 2024-25 Champions League Champion",,,,,,,2.61,70.24,91.6,6.37,2.37,4.03,2.2,0.92,1.46,0.88,0.44,,,,,,,,Central Midfield,08.03.2006 (19),"1,78m",right,€55.00m,PSG,Ligue 1,MF,2.37,4.03,6.37,0.09036144578313252,0.0,,-0.14652395915168984,,,,12.0,,,55000000.0,,-2.6640719845761786e-09,,,,16.0,,
Lucas Beraldo,Brazil,20,33,2453.0,27.3,1.0,0.0,1.0,1.0,0.0,0.0,7.0,0.0,1.0,1.0,0.4,1.4,10.0,137.0,0.0,0.04,0.0,0.04,0.04,0.04,0.04,0.02,0.06,0.04,0.06,"2x Ligue 1 Champion, 2024-25 Champions League Champion",0.0,1.63,1.05,0.75,2.8,2.17,,,,,,,,,,,,,,,,,,,Centre-Back,24.11.2003 (21),"1,86m",left,€25.00m,PSG,Ligue 1,DF,0.3663003663003663,0.0,5.018315018315018,0.2564102564102564,0.0,,,0.05710939198182528,,,,13.0,,25000000.0,,,2.2843756792730113e-09,,,,12.0,
Khvicha Kvaratskhelia,Georgia,23,25,1800.0,20.0,7.0,5.0,12.0,7.0,0.0,0.0,1.0,0.0,5.3,5.3,6.4,11.7,104.0,69.0,196.0,0.35,0.25,0.6,0.35,0.6,0.29,0.35,0.64,0.29,0.64,"3x Domestic League Champion, 2024-25 Champions League Champion, 4x Georgian Footballer of the Year",,,,,,,,,,,,,,,,,,,,,,,,,Left Winger,12.02.2001 (24),"1,83m",both,€90.00m,PSG,Ligue 1,FWD,5.2,9.8,3.45,0.05,0.0,-0.36769512914135616,,,,15.0,,,,90000000.0,-4.085501434903957e-09,,,,15.0,,,
Gonçalo Ramos,Portugal,23,41,1675.0,18.6,18.0,6.0,24.0,14.0,4.0,5.0,2.0,0.0,16.3,14.0,3.0,16.9,14.0,26.0,68.0,0.97,0.32,1.29,0.75,1.07,1.15,0.21,1.36,0.98,1.19,"3x Domestic League Champion, 2024-25 Champions League Champion",,,,,,,,,,,,,,,,,,,,,,,,,Centre-Forward,20.06.2001 (24),"1,85m",right,€40.00m,PSG,Ligue 1,FWD,0.7526881720430108,3.6559139784946235,1.3978494623655913,0.1075268817204301,0.0,0.0,,,,,,,,40000000.0,0.0,,,,,,,
Lucas Hernández,France,28,25,1221.0,13.6,0.0,0.0,0.0,0.0,0.0,0.0,2.0,0.0,0.0,0.0,0.1,0.1,6.0,57.0,5.0,0.0,0.0,0.0,0.0,0.0,0.0,0.0,0.01,0.0,0.01,"6x Domestic League Champion, 2x Champions League Champion, 2018 World Cup Champion",0.6,2.22,0.77,1.28,3.75,1.45,,,,,,,,,,,,,,,,,,,Left-Back,14.02.1996 (29),"1,84m",left,€25.00m,PSG,Ligue 1,DF,0.4411764705882353,0.6,4.1911764705882355,0.14705882352941177,0.0,,,0.0,,,,,,25000000.0,,,0.0,,,,,
Senny Mayulu,France,18,29,1083.0,12.0,5.0,3.0,8.0,5.0,0.0,0.0,2.0,0.0,3.2,3.2,2.1,5.2,30.0,49.0,59.0,0.42,0.25,0.66,0.42,0.66,0.33,0.22,0.55,0.33,0.55,"2x Ligue 1 Champion, 2024-25 Champions League Champion",,,,,,,4.09,50.56,87.3,5.14,3.15,6.19,2.73,0.52,0.84,1.26,0.1,,,,,,,,Central Midfield,17.05.2006 (19),"1,83m",both,€15.00m,PSG,Ligue 1,MF,3.15,6.19,5.14,0.16666666666666666,0.0,,0.0,,,,,,,15000000.0,,0.0,,,,,,
Marco Asensio,Spain,28,16,753.0,8.4,2.0,4.0,6.0,2.0,0.0,0.0,0.0,0.0,5.8,5.8,2.8,8.6,22.0,38.0,56.0,0.24,0.48,0.72,0.24,0.72,0.69,0.34,1.02,0.69,1.02,"5x Domestic League Champion, 4x Champions League Champion",,,,,,,,,,,,,,,,,,,,,,,,,Attacking Midfield,21.01.1996 (29),"1,82m",left,€20.00m,PSG,Ligue 1,MF,2.619047619047619,6.666666666666666,4.523809523809524,0.0,0.0,,0.0,,,,,,,20000000.0,,0.0,,,,,,
Randal Kolo Muani,France,25,14,465.0,5.2,2.0,1.0,3.0,1.0,1.0,1.0,0.0,0.0,5.5,4.7,1.2,5.9,10.0,9.0,48.0,0.39,0.19,0.58,0.19,0.39,1.07,0.23,1.3,0.92,1.14,"2x Ligue 1 Champion, 2024-25 Champions League Champion",,,,,,,,,,,,,,,,,,,,,,,,,Centre-Forward,05.12.1998 (26),"1,87m",right,€30.00m,PSG,Ligue 1,FWD,1.923076923076923,9.23076923076923,1.7307692307692306,0.0,0.0,0.0,,,,,,,,30000000.0,0.0,,,,,,,
Milan Škriniar,Slovakia,29,5,382.0,4.2,0.0,0.0,0.0,0.0,0.0,0.0,1.0,0.0,0.2,0.2,0.1,0.3,3.0,20.0,0.0,0.0,0.0,0.0,0.0,0.0,0.04,0.02,0.06,0.04,0.06,"3x Domestic League Champion, 4x Slovak Footballer of the Year",0.0,1.52,1.4,1.63,4.66,2.1,,,,,,,,,,,,,,,,,,,Centre-Back,11.02.1995 (30),"1,88m",right,€15.00m,PSG,Ligue 1,DF,0.7142857142857143,0.0,4.761904761904762,0.23809523809523808,0.0,,,0.0,,,,,,15000000.0,,,0.0,,,,,
Ibrahim Mbaye,France,16,10,354.0,3.9,1.0,1.0,2.0,1.0,0.0,0.0,0.0,0.0,1.8,1.8,1.1,2.9,15.0,9.0,54.0,0.25,0.25,0.51,0.25,0.51,0.48,0.3,0.78,0.48,0.78,2024-25 Ligue 1 Champion,,,,,,,,,,,,,,,,,,,,,,,,,Right Winger,24.01.2008 (17),"1,75m",right,€3.00m,PSG,Ligue 1,FWD,3.8461538461538463,13.846153846153847,2.307692307692308,0.0,0.0,0.0,,,,,,,,3000000.0,0.0,,,,,,,
Yoram Zague,France,18,6,273.0,3.0,0.0,0.0,0.0,0.0,0.0,0.0,0.0,0.0,0.1,0.1,0.1,0.1,5.0,10.0,17.0,0.0,0.0,0.0,0.0,0.0,0.02,0.03,0.05,0.02,0.05,2023-24 Ligue 1 Champion,,,,,,,,,,,,,,,,,,,,,,,,,Right-Back,15.05.2006 (19),"1,68m",right,€2.50m,PSG,Ligue 1,DF,1.6666666666666667,5.666666666666667,3.3333333333333335,0.0,0.0,,,0.0,,,,,,2500000.0,,,0.0,,,,,
Axel Tapé,France,16,3,251.0,2.8,0.0,0.0,0.0,0.0,0.0,0.0,1.0,0.0,0.0,0.0,0.0,0.1,1.0,5.0,1.0,0.0,0.0,0.0,0.0,0.0,0.02,0.0,0.03,0.02,0.03,,,,,,,,,,,,,,,,,,,,,,,,,,Centre-Back,10.08.2007 (17),"1,80m",right,€2.00m,PSG,Ligue 1,DF,0.35714285714285715,0.35714285714285715,1.7857142857142858,0.35714285714285715,0.0,,,0.0,,,,,,2000000.0,,,0.0,,,,,
Arnau Tenas,Spain,23,2,180.0,2.0,0.0,1.0,1.0,0.0,0.0,0.0,0.0,0.0,0.0,0.0,0.2,0.2,0.0,1.0,0.0,0.0,0.5,0.5,0.0,0.5,0.0,0.21,0.21,0.0,0.21,2023-24 Ligue 1 Champion,,,,,,,,,,,,,,,,,,,,,,,,,Goalkeeper,30.05.2001 (24),"1,85m",right,€3.00m,PSG,Ligue 1,GK,0.0,0.0,0.5,0.0,0.0,,,,0.0,,,,,3000000.0,,,,0.0,,,,
Presnel Kimpembe,France,28,5,81.0,0.9,0.0,0.0,0.0,0.0,0.0,0.0,1.0,0.0,0.0,0.0,0.0,0.0,1.0,1.0,0.0,0.0,0.0,0.0,0.0,0.0,0.0,0.0,0.0,0.0,0.0,"6x Ligue 1 Champion, 2x Coupe de la Ligue Champion, 2018 World Cup Champion",,,,,,,,,,,,,,,,,,,,,,,,,Centre-Back,13.08.1995 (29),"1,83m",left,€5.00m,PSG,Ligue 1,DF,1.1111111111111112,0.0,1.1111111111111112,1.1111111111111112,0.0,,,0.0,,,,,,5000000.0,,,0.0,,,,,
Noham Kamara,France,17,2,76.0,0.8,0.0,0.0,0.0,0.0,0.0,0.0,0.0,0.0,0.0,0.0,0.0,0.0,2.0,5.0,0.0,0.0,0.0,0.0,0.0,0.0,0.0,0.0,0.0,0.0,0.0,,,,,,,,,,,,,,,,,,,,,,,,,,Centre-Back,22.01.2007 (18),"1,83m",right,€500k,PSG,Ligue 1,DF,2.5,0.0,6.25,0.0,0.0,,,0.0,,,,,,500000.0,,,0.0,,,,,
Naoufel El Hannach,Morocco,17,0,,,,,,,,,,,,,,,,,,,,,,,,,,,,,,,,,,,,,,,,,,,,,,,,,,,,,Centre-Back,07.12.2006 (18),"1,83m",right,-,PSG,Ligue 1,DF,,,,,,,,0.0,,,,,,,,,,,,,,
Louis Mouquet,Portugal,20,0,,,,,,,,,,,,,,,,,,,,,,,,,,,,,,,,,,,,,,,,,,,,,,,,,,,,,Goalkeeper,21.07.2004 (20),"1,87m",right,-,PSG,Ligue 1,GK,,,,,,,,,0.0,,,,,,,,,,,,,
Carlos Soler,Spain,27,0,,,,,,,,,,,,,,,,,,,,,,,,,,,,2x Ligue 1 Champion,,,,,,,3.26,42.73,85.2,3.58,1.09,2.36,1.02,0.51,1.21,1.34,0.64,,,,,,,,Central Midfield,02.01.1997 (28),"1,80m",right,€18.00m,PSG,Ligue 1,MF,1.09,2.36,3.58,,,,0.0,,,,,,,18000000.0,,0.0,,,,,,
Wassim Slama,France,15,0,,,,,,,,,,,,,,,,,,,,,,,,,,,,,,,,,,,,,,,,,,,,,,,,,,,,,Attacking Midfield,26.09.2008 (16),-,,-,PSG,Ligue 1,MF,,,,,,,0.0,,,,,,,,,,,,,,,
