player,nation,age,mp,min,90s Played,gls,ast,g+a,g-pk,pk,pkatt,Yellow Cards,Red Cards,xg,npxg,xag,npxg+xag,Progressive Carries,Progressive Passes,Progressive Passes Received,Goals scored per 90 minutes,Assists per 90 minutes,Goal+ Assist per 90 minutes,g-pk per 90 minutes,g+a-pk per 90 minutes,xg per 90 minutes,xag per 90 minutes,xg+xag per 90 minutes,npxg per 90 minutes,npxg+xag per 90 minutes,achievements,df_progressive_passes_rec_90,df_tackles_90,df_interceptions_90,df_blocks_90,df_clearances_90,df_aerials_won_90,mf_shot_creating_actions_90,mf_passes_attempted_90,mf_pass_completion_pct,mf_progressive_passes_90,mf_progressive_carries_90,mf_progressive_passes_rec_90,mf_tackles_90,mf_interceptions_90,mf_blocks_90,mf_clearances_90,mf_aerials_won_90,gk_save_percentage,gk_psxg_per_sot,gk_save_pct_penalty_kicks,gk_clean_sheet_percentage,gk_crosses_stopped_pct,gk_def_actions_outside_pen_area,gk_avg_distance_of_def_actions,Position,Date of birth / Age,Height,Foot,Market value,Club,League
Raphinha,Brazil,27,57,4649.0,51.7,34.0,22.0,56.0,32.0,2.0,2.0,7.0,0.0,25.1,23.5,20.1,43.6,140.0,193.0,494.0,0.66,0.43,1.08,0.62,1.05,0.56,0.45,1.01,0.52,0.97,"2024-25 La Liga Best Player, 2x La Liga Champion",,,,,,,5.29,46.3,71.9%,4.23,3.14,11.1,1.18,0.42,0.85,0.67,0.22,,,,,,,,Left Winger,14.12.1996 (28),"1,76m",left,€90.00m,Barcelona,La Liga
Pedri,Spain,21,59,4618.0,51.3,6.0,8.0,14.0,6.0,0.0,0.0,3.0,0.0,2.6,2.6,9.5,12.1,123.0,474.0,178.0,0.12,0.16,0.27,0.12,0.27,0.06,0.21,0.27,0.06,0.27,2x La Liga Champion,,,,,,,5.35,83.0,88.1%,10.93,2.75,4.0,2.2,0.8,1.6,0.58,0.18,,,,,,,,Central Midfield,25.11.2002 (22),"1,74m",right,€140.00m,Barcelona,La Liga
Lamine Yamal,Spain,17,55,4532.0,50.4,18.0,21.0,39.0,18.0,0.0,0.0,3.0,0.0,14.0,14.0,16.1,30.1,255.0,222.0,585.0,0.36,0.42,0.77,0.36,0.77,0.32,0.37,0.69,0.32,0.69,2024-25 La Liga Champion,,,,,,,,,,,,,,,,,,,,,,,,,Right Winger,13.07.2007 (17),"1,80m",left,€200.00m,Barcelona,La Liga
Jules Koundé,France,25,53,4418.0,49.1,4.0,8.0,12.0,4.0,0.0,0.0,6.0,0.0,2.4,2.4,6.1,8.5,65.0,212.0,256.0,0.08,0.16,0.24,0.08,0.24,0.06,0.15,0.21,0.06,0.21,2x La Liga Champion,6.34,1.88,0.67,1.31,2.65,1.04,,,,,,,,,,,,,,,,,,,Right-Back,12.11.1998 (26),"1,80m",right,€65.00m,Barcelona,La Liga
Pau Cubarsí,Spain,17,56,4206.0,46.7,1.0,4.0,5.0,1.0,0.0,0.0,5.0,1.0,1.1,1.1,2.6,3.7,33.0,265.0,8.0,0.02,0.09,0.11,0.02,0.11,0.03,0.07,0.09,0.03,0.09,2024-25 La Liga Champion,0.2,1.0,0.7,0.5,2.75,2.1,,,,,,,,,,,,,,,,,,,Centre-Back,22.01.2007 (18),"1,84m",right,€80.00m,Barcelona,La Liga
Iñigo Martínez,Spain,33,46,3967.0,44.1,3.0,5.0,8.0,3.0,0.0,0.0,9.0,0.0,1.2,1.2,3.6,4.9,85.0,340.0,18.0,0.07,0.11,0.18,0.07,0.18,0.03,0.1,0.13,0.03,0.13,2024-25 La Liga Champion,0.48,0.97,0.56,0.86,3.86,1.91,,,,,,,,,,,,,,,,,,,Centre-Back,17.05.1991 (34),"1,82m",left,€5.00m,Barcelona,La Liga
Robert Lewandowski,Poland,35,52,3905.0,43.4,42.0,3.0,45.0,35.0,7.0,8.0,3.0,0.0,37.5,32.0,3.9,35.9,37.0,75.0,216.0,0.97,0.07,1.04,0.81,0.88,0.93,0.1,1.03,0.8,0.89,"2x The Best FIFA Men's Player, 2019-20 UEFA Men's Player of the Year, 13x Domestic League Champion, 2019-20 Champions League Champion, 2x German Male Footballer of the Year, 12x Polish Footballer of the Year",,,,,,,,,,,,,,,,,,,,,,,,,Centre-Forward,21.08.1988 (36),"1,85m",right,€12.00m,Barcelona,La Liga
Alejandro Balde,Spain,20,47,3484.0,38.7,1.0,8.0,9.0,1.0,0.0,0.0,4.0,0.0,0.7,0.7,3.9,4.6,135.0,117.0,309.0,0.03,0.21,0.23,0.03,0.23,0.02,0.11,0.13,0.02,0.13,2x La Liga Champion,9.03,0.82,0.26,0.96,1.08,0.47,,,,,,,,,,,,,,,,,,,Left-Back,18.10.2003 (21),"1,75m",left,€60.00m,Barcelona,La Liga
Wojciech Szczęsny,Poland,34,30,2725.0,30.3,0.0,0.0,0.0,0.0,0.0,0.0,0.0,1.0,0.0,0.0,0.0,0.0,0.0,0.0,0.0,0.0,0.0,0.0,0.0,0.0,0.0,0.0,0.0,0.0,0.0,4x Domestic League Champion,,,,,,,,,,,,,,,,,,67.1%,0.35,0.0%,43.5%,6.8%,3.78,20.0,Goalkeeper,18.04.1990 (35),"1,95m",right,€1.00m,Barcelona,La Liga
Frenkie de Jong,Netherlands,27,46,2499.0,27.8,2.0,2.0,4.0,2.0,0.0,0.0,7.0,0.0,1.6,1.6,2.2,3.8,50.0,196.0,40.0,0.07,0.07,0.14,0.07,0.14,0.08,0.1,0.18,0.08,0.18,3x Domestic League Champion,,,,,,,2.87,85.76,94.2%,9.15,2.3,1.77,1.72,1.06,0.66,0.75,0.84,,,,,,,,Central Midfield,12.05.1997 (28),"1,81m",right,€45.00m,Barcelona,La Liga
Marc Casado,Spain,20,36,2443.0,27.1,1.0,6.0,7.0,1.0,0.0,0.0,5.0,1.0,1.4,1.4,1.8,3.3,18.0,154.0,35.0,0.04,0.22,0.26,0.04,0.26,0.06,0.07,0.13,0.06,0.13,2024-25 La Liga Champion,,,,,,,2.47,75.67,90.0%,6.02,0.71,1.3,3.05,1.04,1.17,1.21,0.46,,,,,,,,Defensive Midfield,14.09.2003 (21),"1,72m",right,€30.00m,Barcelona,La Liga
Eric García,Spain,23,45,2119.0,23.5,5.0,3.0,8.0,5.0,0.0,0.0,4.0,1.0,3.4,3.4,1.0,4.5,20.0,131.0,28.0,0.21,0.13,0.34,0.21,0.34,0.17,0.05,0.22,0.17,0.22,3x Domestic League Champion,1.51,2.31,0.85,1.32,2.31,1.46,,,,,,,,,,,,,,,,,,,Centre-Back,09.01.2001 (24),"1,82m",right,€18.00m,Barcelona,La Liga
Fermin López,Spain,21,46,2051.0,22.8,8.0,9.0,17.0,8.0,0.0,0.0,6.0,1.0,7.4,7.4,5.8,13.2,42.0,94.0,147.0,0.35,0.39,0.75,0.35,0.75,0.4,0.31,0.71,0.4,0.71,2024-25 La Liga Champion,,,,,,,3.75,46.29,82.0%,4.94,2.26,7.61,1.49,0.31,0.98,0.36,0.46,,,,,,,,Attacking Midfield,11.05.2003 (22),"1,74m",right,€50.00m,Barcelona,La Liga
Iñaki Peña,Spain,25,23,1968.0,21.9,0.0,0.0,0.0,0.0,0.0,0.0,1.0,0.0,0.0,0.0,0.0,0.0,0.0,3.0,0.0,0.0,0.0,0.0,0.0,0.0,0.0,0.0,0.0,0.0,0.0,2024-25 La Liga Champion,,,,,,,,,,,,,,,,,,67.2%,0.3,0.0%,30.0%,2.7%,5.07,22.2,Goalkeeper,02.03.1999 (26),"1,84m",right,€8.00m,Barcelona,La Liga
Ferrán Torres,Spain,24,45,1933.0,21.5,19.0,7.0,26.0,19.0,0.0,0.0,2.0,1.0,11.0,11.0,3.6,14.6,25.0,43.0,129.0,0.88,0.33,1.21,0.88,1.21,0.65,0.21,0.86,0.65,0.86,3x Domestic League Champion,,,,,,,,,,,,,,,,,,,,,,,,,Centre-Forward,29.02.2000 (25),"1,84m",right,€40.00m,Barcelona,La Liga
Dani Olmo,Spain,26,39,1927.0,21.4,12.0,6.0,18.0,10.0,2.0,2.0,1.0,0.0,8.8,7.2,3.9,11.1,45.0,114.0,133.0,0.56,0.28,0.84,0.47,0.75,0.48,0.22,0.69,0.39,0.61,5x Domestic League Champion,,,,,,,5.05,47.07,80.8%,6.17,2.39,7.39,1.28,0.21,0.53,0.64,0.85,,,,,,,,Attacking Midfield,07.05.1998 (27),"1,79m",right,€60.00m,Barcelona,La Liga
Gerard Martín,Spain,22,42,1805.0,20.1,1.0,6.0,7.0,1.0,0.0,0.0,4.0,0.0,0.5,0.5,3.0,3.5,16.0,58.0,164.0,0.05,0.3,0.35,0.05,0.35,0.03,0.19,0.21,0.03,0.21,2024-25 La Liga Champion,9.95,1.91,1.3,1.3,2.78,1.05,,,,,,,,,,,,,,,,,,,Left-Back,26.02.2002 (23),"1,86m",left,€12.00m,Barcelona,La Liga
Gavi,Spain,19,42,1691.0,18.8,3.0,2.0,5.0,3.0,0.0,0.0,6.0,0.0,1.1,1.1,1.7,2.9,17.0,88.0,57.0,0.16,0.11,0.27,0.16,0.27,0.08,0.11,0.19,0.08,0.19,2x La Liga Champion,,,,,,,3.2,64.05,89.7%,5.88,1.15,3.64,2.56,0.64,1.34,0.7,1.73,,,,,,,,Central Midfield,05.08.2004 (20),"1,73m",right,€60.00m,Barcelona,La Liga
Ronald Araújo,Uruguay,25,25,1562.0,17.4,2.0,2.0,4.0,2.0,0.0,0.0,4.0,0.0,1.4,1.4,0.4,1.9,6.0,59.0,3.0,0.12,0.12,0.23,0.12,0.23,0.1,0.03,0.13,0.1,0.13,2x La Liga Champion,0.26,1.58,0.86,1.32,4.41,3.75,,,,,,,,,,,,,,,,,,,Centre-Back,07.03.1999 (26),"1,92m",right,€35.00m,Barcelona,La Liga
Marc-André ter Stegen,Germany,32,9,764.0,8.5,0.0,0.0,0.0,0.0,0.0,0.0,0.0,0.0,0.0,0.0,0.0,0.0,0.0,2.0,0.0,0.0,0.0,0.0,0.0,0.0,0.0,0.0,0.0,0.0,0.0,"2022-23 La Liga Best Player, 5x La Liga Champion, 2014-15 Champions League Champion",,,,,,,,,,,,,,,,,,69.0%,0.24,0.0%,14.3%,10.1%,2.94,17.4,Goalkeeper,30.04.1992 (33),"1,87m",right,€12.00m,Barcelona,La Liga
Héctor Fort,Spain,17,20,647.0,7.2,0.0,0.0,0.0,0.0,0.0,0.0,2.0,0.0,0.2,0.2,0.9,1.1,14.0,28.0,38.0,0.0,0.0,0.0,0.0,0.0,0.04,0.13,0.16,0.04,0.16,2024-25 La Liga Champion,5.39,2.27,0.99,1.7,2.55,0.43,,,,,,,,,,,,,,,,,,,Right-Back,02.08.2006 (18),"1,85m",right,€10.00m,Barcelona,La Liga
Pablo Torre,Spain,21,14,425.0,4.7,4.0,3.0,7.0,4.0,0.0,0.0,0.0,0.0,0.8,0.8,0.8,1.6,5.0,19.0,22.0,0.85,0.64,1.48,0.85,1.48,0.21,0.21,0.42,0.21,0.42,2x La Liga Champion,,,,,,,,,,,,,,,,,,,,,,,,,Attacking Midfield,03.04.2003 (22),"1,73m",right,€6.00m,Barcelona,La Liga
Pau Victor,Spain,22,29,397.0,4.4,2.0,1.0,3.0,2.0,0.0,0.0,3.0,0.0,3.0,3.0,1.1,4.1,6.0,14.0,30.0,0.45,0.23,0.68,0.45,0.68,0.76,0.27,1.03,0.76,1.03,2024-25 La Liga Champion,,,,,,,,,,,,,,,,,,,,,,,,,Centre-Forward,26.11.2001 (23),"1,84m",right,€4.00m,Barcelona,La Liga
Ansu Fati,Spain,21,11,303.0,3.4,0.0,0.0,0.0,0.0,0.0,0.0,1.0,0.0,1.0,1.0,0.2,1.1,8.0,11.0,36.0,0.0,0.0,0.0,0.0,0.0,0.32,0.05,0.38,0.32,0.38,2x La Liga Champion,,,,,,,,,,,,,,,,,,,,,,,,,Left Winger,31.10.2002 (22),"1,78m",right,€5.00m,Barcelona,La Liga
Andreas Christensen,Denmark,28,6,262.0,2.9,0.0,0.0,0.0,0.0,0.0,0.0,3.0,0.0,0.0,0.0,0.0,0.1,1.0,18.0,1.0,0.0,0.0,0.0,0.0,0.0,0.01,0.01,0.02,0.01,0.02,"2x La Liga Champion, 2020-21 Champions League Champion, 2023 Danish Male Footballer of the Year",,,,,,,,,,,,,,,,,,,,,,,,,Centre-Back,10.04.1996 (29),"1,87m",right,€12.00m,Barcelona,La Liga
Marc Bernal,Spain,17,3,242.0,2.7,0.0,0.0,0.0,0.0,0.0,0.0,2.0,0.0,0.1,0.1,0.0,0.1,0.0,8.0,2.0,0.0,0.0,0.0,0.0,0.0,0.03,0.01,0.03,0.03,0.03,,,,,,,,,,,,,,,,,,,,,,,,,,Defensive Midfield,26.05.2007 (18),"1,93m",left,€5.00m,Barcelona,La Liga
Sergi Dominguez,Spain,19,6,236.0,2.6,0.0,0.0,0.0,0.0,0.0,0.0,1.0,0.0,0.0,0.0,0.0,0.0,0.0,16.0,1.0,0.0,0.0,0.0,0.0,0.0,0.0,0.0,0.0,0.0,0.0,,,,,,,,,,,,,,,,,,,,,,,,,,Centre-Back,01.04.2005 (20),"1,91m",right,€1.00m,Barcelona,La Liga
Toni Fernández,Spain,16,1,10.0,0.1,0.0,0.0,0.0,0.0,0.0,0.0,0.0,0.0,,,,,,,,0.0,0.0,0.0,0.0,0.0,,,,,,,,,,,,,,,,,,,,,,,,,,,,,,,Right Winger,15.07.2008 (16),"1,75m",left,€3.00m,Barcelona,La Liga
Andres Cuenca,Spain,17,1,7.0,0.1,0.0,0.0,0.0,0.0,0.0,0.0,0.0,0.0,0.0,0.0,0.0,0.0,0.0,0.0,0.0,0.0,0.0,0.0,0.0,0.0,0.0,0.0,0.0,0.0,0.0,,,,,,,,,,,,,,,,,,,,,,,,,,Centre-Back,11.06.2007 (18),"1,81m",left,€200k,Barcelona,La Liga
Áron Yaakobishvili,Hungary,18,0,,,,,,,,,,,,,,,,,,,,,,,,,,,,,,,,,,,,,,,,,,,,,,,,,,,,,Goalkeeper,06.03.2006 (19),"1,87m",both,€300k,Barcelona,La Liga
Landry Farré,Spain,17,0,,,,,,,,,,,,,,,,,,,,,,,,,,,,,,,,,,,,,,,,,,,,,,,,,,,,,Right-Back,01.01.2007 (18),"1,78m",both,€300k,Barcelona,La Liga
Diego Kochen,United States,18,0,,,,,,,,,,,,,,,,,,,,,,,,,,,,,,,,,,,,,,,,,,,,,,,,,,,,,Goalkeeper,19.03.2006 (19),"1,90m",right,€500k,Barcelona,La Liga
Ander Astralaga,Spain,20,0,,,,,,,,,,,,,,,,,,,,,,,,,,,,,,,,,,,,,,,,,,,,,,,,,,,,,Goalkeeper,03.03.2004 (21),"1,90m",right,€800k,Barcelona,La Liga
Noah Darvich,Germany,17,0,,,,,,,,,,,,,,,,,,,,,,,,,,,,,,,,,,,,,,,,,,,,,,,,,,,,,Attacking Midfield,25.09.2006 (18),"1,84m",left,€2.00m,Barcelona,La Liga
Álex Valle,Spain,20,0,,,,,,,,,,,,,,,,,,,,,,,,,,,,2024-25 Scottish Premiership Champion,2.75,2.46,0.72,1.16,3.7,0.65,,,,,,,,,,,,,,,,,,,Left-Back,25.04.2004 (21),"1,78m",left,€6.00m,Barcelona,La Liga
Alexis Olmedo,Spain,18,0,,,,,,,,,,,,,,,,,,,,,,,,,,,,,,,,,,,,,,,,,,,,,,,,,,,,,Centre-Back,02.01.2006 (19),"1,87m",right,€200k,Barcelona,La Liga
Álvaro Cortés,Spain,19,0,,,,,,,,,,,,,,,,,,,,,,,,,,,,,,,,,,,,,,,,,,,,,,,,,,,,,Centre-Back,17.03.2005 (20),"1,89m",left,€150k,Barcelona,La Liga
Federico Valverde,Uruguay,26,58,4938.0,54.9,9.0,8.0,17.0,9.0,0.0,0.0,5.0,0.0,3.0,3.0,5.8,8.8,90.0,304.0,99.0,0.16,0.15,0.31,0.16,0.31,0.06,0.12,0.19,0.06,0.19,"4x Domestic League Champion, 2x Champions League Champion",2.09,1.59,1.75,1.16,1.68,0.8,,,,,,,,,,,,,,,,,,,Central Midfield,22.07.1998 (26),"1,82m",right,€130.00m,Real Madrid,La Liga
Kylian Mbappé,France,25,55,4532.0,50.4,42.0,4.0,46.0,35.0,7.0,10.0,3.0,1.0,35.0,27.0,8.7,35.7,203.0,175.0,503.0,0.83,0.08,0.91,0.7,0.77,0.79,0.19,0.98,0.61,0.8,"5x Ligue 1 Male Player of the Year, 7x Ligue 1 Champion, 2x Coupe de la Ligue Champion, 2018 World Cup Champion, 4x French Player of the Year, 2022 FIFA World Cup Silver Ball",,,,,,,,,,,,,,,,,,,,,,,,,Centre-Forward,20.12.1998 (26),"1,78m",right,€180.00m,Real Madrid,La Liga
Jude Bellingham,England,21,51,4247.0,47.2,14.0,13.0,27.0,13.0,1.0,2.0,11.0,2.0,15.2,13.7,6.1,19.7,97.0,277.0,190.0,0.3,0.28,0.57,0.28,0.55,0.38,0.15,0.53,0.34,0.5,"2023-24 La Liga Best Player, 2023-24 La Liga Champion, 2023-24 Champions League Champion",,,,,,,3.57,53.26,87.0%,6.7,2.42,4.71,2.11,0.99,1.22,0.94,0.99,,,,,,,,Attacking Midfield,29.06.2003 (22),"1,86m",right,€180.00m,Real Madrid,La Liga
Aurélien Tchouaméni,France,24,51,4233.0,47.0,2.0,1.0,3.0,2.0,0.0,0.0,10.0,0.0,1.9,1.9,0.8,2.7,24.0,202.0,15.0,0.04,0.02,0.06,0.04,0.06,0.05,0.02,0.07,0.05,0.07,"2023-24 La Liga Champion, 2023-24 Champions League Champion",0.39,1.73,1.55,1.31,2.84,2.0,,,,,,,,,,,,,,,,,,,Defensive Midfield,27.01.2000 (25),"1,88m",right,€75.00m,Real Madrid,La Liga
Thibaut Courtois,Belgium,32,46,4200.0,46.7,0.0,0.0,0.0,0.0,0.0,0.0,1.0,0.0,0.0,0.0,0.1,0.1,0.0,0.0,0.0,0.0,0.0,0.0,0.0,0.0,0.0,0.0,0.0,0.0,0.0,"2018 The Best FIFA Men's Goalkeeper, 6x Domestic League Champion, 2021-22 Champions League Champion",,,,,,,,,,,,,,,,,,75.7%,0.28,16.7%,29.3%,6.9%,0.37,9.8,Goalkeeper,11.05.1992 (33),"2,00m",left,€20.00m,Real Madrid,La Liga
Antonio Rüdiger,Germany,31,49,4098.0,45.5,3.0,0.0,3.0,3.0,0.0,0.0,7.0,1.0,3.4,3.4,0.8,4.2,27.0,129.0,6.0,0.07,0.0,0.07,0.07,0.07,0.09,0.02,0.11,0.09,0.11,"2023-24 La Liga Champion, 2x Champions League Champion",0.16,0.88,0.35,0.77,3.88,1.25,,,,,,,,,,,,,,,,,,,Centre-Back,03.03.1993 (32),"1,90m",right,€20.00m,Real Madrid,La Liga
Vinicius Júnior,Brazil,24,51,4073.0,45.3,20.0,14.0,34.0,17.0,3.0,5.0,15.0,1.0,17.0,13.3,11.8,25.1,251.0,113.0,378.0,0.44,0.31,0.75,0.38,0.68,0.46,0.32,0.77,0.36,0.67,"2024 The Best FIFA Men's Player, 3x La Liga Champion, 2x Champions League Champion",,,,,,,,,,,,,,,,,,,,,,,,,Left Winger,12.07.2000 (24),"1,76m",right,€170.00m,Real Madrid,La Liga
Rodrygo,Brazil,23,50,3275.0,36.4,13.0,9.0,22.0,13.0,0.0,0.0,0.0,0.0,6.3,6.2,5.4,11.5,158.0,146.0,353.0,0.36,0.25,0.6,0.36,0.6,0.2,0.17,0.37,0.2,0.37,"3x La Liga Champion, 2x Champions League Champion",,,,,,,4.61,49.73,85.6%,4.71,5.08,11.41,1.26,0.5,0.93,0.53,0.4,,,,,,,,Right Winger,09.01.2001 (24),"1,74m",right,€90.00m,Real Madrid,La Liga
Lucas Vázquez,Spain,33,50,3232.0,35.9,2.0,7.0,9.0,2.0,0.0,0.0,9.0,1.0,2.0,2.0,5.7,7.7,44.0,124.0,241.0,0.06,0.19,0.25,0.06,0.25,0.06,0.19,0.25,0.06,0.25,"4x La Liga Champion, 5x Champions League Champion",7.86,2.32,0.85,0.91,1.57,0.23,,,,,,,,,,,,,,,,,,,Right-Back,01.07.1991 (33),"1,73m",right,€3.00m,Real Madrid,La Liga
Raúl Asencio,Spain,21,41,3063.0,34.0,0.0,2.0,2.0,0.0,0.0,0.0,8.0,0.0,0.2,0.2,0.6,0.8,8.0,34.0,6.0,0.0,0.06,0.06,0.0,0.06,0.01,0.02,0.03,0.01,0.03,,0.22,1.27,0.71,0.67,4.17,1.3,,,,,,,,,,,,,,,,,,,Centre-Back,13.02.2003 (22),"1,84m",right,€40.00m,Real Madrid,La Liga
Fran Garcia,Spain,24,47,2873.0,31.9,0.0,4.0,4.0,0.0,0.0,0.0,0.0,0.0,0.9,0.9,2.1,2.9,86.0,132.0,197.0,0.0,0.13,0.13,0.0,0.13,0.03,0.08,0.11,0.03,0.11,"2023-24 La Liga Champion, 2023-24 Champions League Champion",7.27,2.18,1.29,1.07,2.77,0.7,,,,,,,,,,,,,,,,,,,Left-Back,14.08.1999 (25),"1,69m",left,€18.00m,Real Madrid,La Liga
Luka Modrić,Croatia,38,56,2854.0,31.7,4.0,9.0,13.0,4.0,0.0,0.0,11.0,0.0,1.7,1.7,8.5,10.2,73.0,271.0,77.0,0.13,0.28,0.41,0.13,0.41,0.06,0.31,0.37,0.06,0.37,"2018 Ballon d'Or, 2018 The Best FIFA Men's Player, 2017-18 UEFA Men's Player of the Year, 5x Domestic League Champion, 6x Champions League Champion, 13x Croatian Footballer of the Year",,,,,,,5.56,95.52,88.1%,9.79,2.69,2.83,1.55,1.4,0.7,0.92,0.26,,,,,,,,Central Midfield,09.09.1985 (39),"1,72m",right,€4.00m,Real Madrid,La Liga
Ferland Mendy,France,29,31,2238.0,24.9,0.0,2.0,2.0,0.0,0.0,0.0,2.0,1.0,0.5,0.5,0.7,1.2,18.0,59.0,62.0,0.0,0.08,0.08,0.0,0.08,0.02,0.03,0.06,0.02,0.06,"3x La Liga Champion, 2x Champions League Champion",2.8,1.2,0.6,0.85,0.7,0.25,,,,,,,,,,,,,,,,,,,Left-Back,08.06.1995 (30),"1,80m",left,€14.00m,Real Madrid,La Liga
Brahim Díaz,Morocco,24,51,2169.0,24.1,6.0,6.0,12.0,6.0,0.0,0.0,1.0,0.0,6.7,6.7,4.3,11.0,58.0,96.0,143.0,0.25,0.25,0.5,0.25,0.5,0.33,0.21,0.54,0.33,0.54,"4x Domestic League Champion, 2023-24 Champions League Champion",,,,,,,3.43,44.03,86.2%,4.54,2.8,6.71,1.59,0.48,0.82,0.14,0.19,,,,,,,,Right Winger,03.08.1999 (25),"1,70m",both,€40.00m,Real Madrid,La Liga
Eduardo Camavinga,France,21,34,2023.0,22.5,2.0,2.0,4.0,2.0,0.0,0.0,9.0,1.0,0.5,0.5,1.4,1.9,33.0,86.0,36.0,0.09,0.09,0.18,0.09,0.18,0.03,0.08,0.11,0.03,0.11,"2x La Liga Champion, 2x Champions League Champion",,,,,,,2.48,60.88,89.8%,4.84,1.86,2.03,3.83,1.52,1.86,2.31,1.52,,,,,,,,Central Midfield,10.11.2002 (22),"1,82m",left,€60.00m,Real Madrid,La Liga
Dani Ceballos,Spain,27,40,1956.0,21.7,0.0,2.0,2.0,0.0,0.0,0.0,5.0,0.0,0.4,0.4,2.3,2.7,46.0,185.0,19.0,0.0,0.09,0.09,0.0,0.09,0.02,0.13,0.15,0.02,0.15,"2x La Liga Champion, 3x Champions League Champion",,,,,,,4.0,94.5,94.4%,10.28,2.56,1.06,3.17,0.89,1.17,1.0,0.11,,,,,,,,Central Midfield,07.08.1996 (28),"1,79m",right,€10.00m,Real Madrid,La Liga
Arda Güler,Turkey,19,42,1781.0,19.8,5.0,8.0,13.0,5.0,0.0,0.0,1.0,0.0,3.7,3.7,5.9,9.6,40.0,108.0,93.0,0.25,0.4,0.66,0.25,0.66,0.24,0.38,0.62,0.24,0.62,2023-24 La Liga Champion,,,,,,,6.0,64.11,85.9%,6.97,2.58,6.0,2.07,0.52,1.23,0.58,0.52,,,,,,,,Attacking Midfield,25.02.2005 (20),"1,75m",left,€45.00m,Real Madrid,La Liga
Andriy Lunin,Ukraine,25,14,1320.0,14.7,0.0,1.0,1.0,0.0,0.0,0.0,0.0,0.0,0.0,0.0,0.9,0.9,0.0,0.0,0.0,0.0,0.07,0.07,0.0,0.07,0.0,0.1,0.1,0.0,0.1,"2023-24 La Liga Champion, 2023-24 Champions League Champion",,,,,,,,,,,,,,,,,,68.8%,0.34,0.0%,44.4%,7.7%,1.67,14.8,Goalkeeper,11.02.1999 (26),"1,91m",right,€18.00m,Real Madrid,La Liga
Éder Militão,Brazil,26,17,1309.0,14.5,1.0,1.0,2.0,1.0,0.0,0.0,4.0,0.0,0.9,0.9,0.7,1.6,9.0,58.0,2.0,0.07,0.07,0.14,0.07,0.14,0.06,0.05,0.12,0.06,0.12,"3x La Liga Champion, 2x Champions League Champion",0.16,1.59,1.36,1.43,2.79,1.99,,,,,,,,,,,,,,,,,,,Centre-Back,18.01.1998 (27),"1,86m",right,€30.00m,Real Madrid,La Liga
Endrick,Brazil,18,37,863.0,9.6,7.0,0.0,7.0,7.0,0.0,0.0,4.0,0.0,3.5,3.5,1.0,4.5,13.0,11.0,42.0,0.73,0.0,0.73,0.73,0.73,0.62,0.18,0.8,0.62,0.8,2x Série A Champion,,,,,,,,,,,,,,,,,,,,,,,,,Centre-Forward,21.07.2006 (18),"1,73m",left,€35.00m,Real Madrid,La Liga
David Alaba,Austria,32,14,601.0,6.7,0.0,0.0,0.0,0.0,0.0,0.0,2.0,0.0,0.0,0.0,0.1,0.1,3.0,12.0,10.0,0.0,0.0,0.0,0.0,0.0,0.0,0.01,0.01,0.0,0.01,"11x Domestic League Champion, 4x Champions League Champion, 10x Austrian Footballer of the Year",1.83,0.55,1.28,1.46,2.01,0.91,,,,,,,,,,,,,,,,,,,Centre-Back,24.06.1992 (33),"1,80m",left,€6.00m,Real Madrid,La Liga
Jacobo Ramón,Spain,19,5,307.0,3.4,1.0,0.0,1.0,1.0,0.0,0.0,2.0,0.0,0.3,0.3,0.2,0.5,0.0,1.0,2.0,0.29,0.0,0.29,0.29,0.29,0.11,0.08,0.19,0.11,0.19,,,,,,,,,,,,,,,,,,,,,,,,,,Centre-Back,06.01.2005 (20),"1,96m",right,€1.00m,Real Madrid,La Liga
Jesús Vallejo,Spain,27,4,138.0,1.5,0.0,1.0,1.0,0.0,0.0,0.0,0.0,0.0,0.0,0.0,0.1,0.1,0.0,5.0,1.0,0.0,0.65,0.65,0.0,0.65,0.0,0.08,0.08,0.0,0.08,2021-22 La Liga Champion,,,,,,,,,,,,,,,,,,,,,,,,,Centre-Back,05.01.1997 (28),"1,84m",right,€1.00m,Real Madrid,La Liga
Diego Aguado,Spain,17,1,90.0,1.0,0.0,0.0,0.0,0.0,0.0,0.0,0.0,0.0,,,,,,,,0.0,0.0,0.0,0.0,0.0,,,,,,,,,,,,,,,,,,,,,,,,,,,,,,,Centre-Back,07.02.2007 (18),"1,84m",left,€1.00m,Real Madrid,La Liga
Lorenzo Aguado,Spain,21,3,67.0,0.7,0.0,0.0,0.0,0.0,0.0,0.0,0.0,0.0,0.0,0.0,0.0,0.0,0.0,0.0,0.0,0.0,0.0,0.0,0.0,0.0,0.0,0.0,0.0,0.0,0.0,,,,,,,,,,,,,,,,,,,,,,,,,,Right-Back,19.09.2002 (22),"1,80m",right,€100k,Real Madrid,La Liga
Gonzalo García,Spain,20,4,65.0,0.7,1.0,1.0,2.0,1.0,0.0,0.0,0.0,0.0,0.5,0.5,1.0,1.5,0.0,0.0,3.0,1.38,1.38,2.77,1.38,2.77,0.79,1.56,2.35,0.79,2.35,,,,,,,,,,,,,,,,,,,,,,,,,,Centre-Forward,24.03.2004 (21),"1,82m",both,€8.00m,Real Madrid,La Liga
Víctor Muñoz,Spain,21,2,36.0,0.4,0.0,0.0,0.0,0.0,0.0,0.0,0.0,0.0,0.5,0.5,0.0,0.5,3.0,0.0,9.0,0.0,0.0,0.0,0.0,0.0,1.23,0.0,1.23,1.23,1.23,,,,,,,,,,,,,,,,,,,,,,,,,,Left Winger,13.07.2003 (21),"1,73m",right,€1.00m,Real Madrid,La Liga
Daniel Yáñez,Spain,17,1,2.0,0.0,0.0,0.0,0.0,0.0,0.0,0.0,0.0,0.0,0.0,0.0,0.0,0.0,0.0,0.0,0.0,0.0,0.0,0.0,0.0,0.0,0.0,0.0,0.0,0.0,0.0,,,,,,,,,,,,,,,,,,,,,,,,,,Right Winger,28.03.2007 (18),"1,77m",left,€150k,Real Madrid,La Liga
Victor Valdepeñas,Spain,17,0,,,,,,,,,,,,,,,,,,,,,,,,,,,,,,,,,,,,,,,,,,,,,,,,,,,,,Centre-Back,20.10.2006 (18),"1,88m",left,€500k,Real Madrid,La Liga
Mario Rivas,Spain,17,0,,,,,,,,,,,,,,,,,,,,,,,,,,,,,,,,,,,,,,,,,,,,,,,,,,,,,Centre-Back,16.03.2007 (18),-,,€300k,Real Madrid,La Liga
David Jiménez,Spain,20,0,,,,,,,,,,,,,,,,,,,,,,,,,,,,,,,,,,,,,,,,,,,,,,,,,,,,,Right-Back,14.03.2004 (21),"1,70m",right,€400k,Real Madrid,La Liga
Sergio Mestre,Spain,19,0,,,,,,,,,,,,,,,,,,,,,,,,,,,,,,,,,,,,,,,,,,,,,,,,,,,,,Goalkeeper,13.02.2005 (20),"1,93m",right,€50k,Real Madrid,La Liga
Hugo de Llanos,Spain,19,0,,,,,,,,,,,,,,,,,,,,,,,,,,,,,,,,,,,,,,,,,,,,,,,,,,,,,Left Winger,18.03.2005 (20),"1,75m",right,€200k,Real Madrid,La Liga
Pol Fortuny,Spain,19,0,,,,,,,,,,,,,,,,,,,,,,,,,,,,,,,,,,,,,,,,,,,,,,,,,,,,,Attacking Midfield,11.03.2005 (20),"1,75m",left,€400k,Real Madrid,La Liga
David Raya,Spain,28,55,4980.0,55.3,0.0,0.0,0.0,0.0,0.0,0.0,5.0,0.0,0.0,0.0,0.1,0.1,0.0,15.0,0.0,0.0,0.0,0.0,0.0,0.0,0.0,0.0,0.0,0.0,0.0,,,,,,,,,,,,,,,,,,,76.7%,0.28,28.6%,37.3%,12.6%,1.65,16.9,Goalkeeper,15.09.1995 (29),"1,83m",right,€40.00m,Arsenal,Premier League
William Saliba,France,23,51,4464.0,49.6,2.0,0.0,2.0,2.0,0.0,0.0,3.0,1.0,2.6,2.6,0.9,3.5,20.0,170.0,7.0,0.04,0.0,0.04,0.04,0.04,0.06,0.02,0.08,0.06,0.08,,0.16,1.76,0.69,0.78,3.8,1.74,,,,,,,,,,,,,,,,,,,Centre-Back,24.03.2001 (24),"1,92m",right,€80.00m,Arsenal,Premier League
Declan Rice,England,25,52,4116.0,45.7,9.0,10.0,19.0,9.0,0.0,0.0,10.0,1.0,5.3,5.3,7.8,13.1,113.0,254.0,121.0,0.2,0.22,0.42,0.2,0.42,0.13,0.18,0.31,0.13,0.31,,,,,,,,3.13,50.87,84.0%,5.84,2.68,2.78,1.72,0.89,0.96,1.48,1.06,,,,,,,,Central Midfield,14.01.1999 (26),"1,88m",right,€120.00m,Arsenal,Premier League
Thomas Partey,Ghana,31,52,3940.0,43.8,4.0,2.0,6.0,4.0,0.0,0.0,7.0,0.0,2.9,2.9,2.6,5.5,49.0,222.0,63.0,0.09,0.05,0.14,0.09,0.14,0.07,0.06,0.14,0.07,0.14,3x Ghana Player of the Year,1.62,2.62,1.2,1.0,1.52,0.87,,,,,,,,,,,,,,,,,,,Defensive Midfield,13.06.1993 (32),"1,85m",right,€14.00m,Arsenal,Premier League
Jurriën Timber,Netherlands,23,48,3666.0,40.7,2.0,4.0,6.0,2.0,0.0,0.0,9.0,0.0,1.8,1.8,2.2,4.1,70.0,193.0,122.0,0.05,0.1,0.15,0.05,0.15,0.05,0.06,0.11,0.05,0.11,2x Eredivisie Champion,3.37,2.32,0.97,0.77,1.79,0.94,,,,,,,,,,,,,,,,,,,Right-Back,17.06.2001 (24),"1,79m",right,€55.00m,Arsenal,Premier League
Gabriel Martinelli,Brazil,23,51,3551.0,39.5,10.0,5.0,15.0,10.0,0.0,0.0,3.0,0.0,11.6,11.6,7.0,18.6,168.0,67.0,373.0,0.25,0.13,0.38,0.25,0.38,0.32,0.2,0.52,0.32,0.52,,,,,,,,2.82,26.02,71.1%,1.86,4.65,10.15,0.9,0.17,0.73,0.7,0.62,,,,,,,,Left Winger,18.06.2001 (24),"1,78m",right,€55.00m,Arsenal,Premier League
Gabriel Magalhães,Brazil,26,42,3499.0,38.9,5.0,1.0,6.0,5.0,0.0,0.0,6.0,0.0,3.9,3.9,0.9,4.8,13.0,162.0,11.0,0.13,0.03,0.15,0.13,0.15,0.11,0.02,0.14,0.11,0.14,,0.31,0.85,0.6,1.51,3.55,2.3,,,,,,,,,,,,,,,,,,,Centre-Back,19.12.1997 (27),"1,90m",left,€75.00m,Arsenal,Premier League
Leandro Trossard,Belgium,29,56,3452.0,38.4,10.0,9.0,19.0,10.0,0.0,1.0,5.0,1.0,9.9,9.1,6.8,15.9,98.0,133.0,271.0,0.26,0.23,0.5,0.26,0.5,0.28,0.19,0.47,0.26,0.44,2018-19 Belgian First Division A Champion,,,,,,,,,,,,,,,,,,,,,,,,,Left Winger,04.12.1994 (30),"1,72m",right,€22.00m,Arsenal,Premier League
Martin Ødegaard,Norway,25,45,3437.0,38.2,6.0,11.0,17.0,5.0,1.0,2.0,4.0,0.0,6.7,5.9,7.0,12.8,123.0,316.0,193.0,0.16,0.29,0.45,0.13,0.42,0.19,0.2,0.39,0.17,0.37,,,,,,,,4.73,55.67,82.4%,9.05,3.57,5.56,0.75,0.29,0.26,0.35,0.26,,,,,,,,Attacking Midfield,17.12.1998 (26),"1,78m",left,€85.00m,Arsenal,Premier League
Kai Havertz,Germany,25,36,2810.0,31.2,15.0,4.0,19.0,15.0,0.0,0.0,7.0,0.0,12.2,12.2,3.5,15.7,39.0,80.0,157.0,0.48,0.13,0.61,0.48,0.61,0.45,0.13,0.58,0.45,0.58,2020-21 Champions League Champion,,,,,,,2.31,26.28,79.0%,2.92,1.4,5.6,0.8,0.23,1.06,1.36,2.99,,,,,,,,Centre-Forward,11.06.1999 (26),"1,93m",left,€65.00m,Arsenal,Premier League
Mikel Merino,Spain,28,44,2640.0,29.3,9.0,5.0,14.0,9.0,0.0,0.0,5.0,1.0,7.0,6.9,3.3,10.2,16.0,102.0,123.0,0.31,0.17,0.48,0.31,0.48,0.26,0.12,0.38,0.26,0.38,,,,,,,,2.35,32.29,77.8%,3.81,0.6,4.59,2.5,0.78,1.01,1.42,3.06,,,,,,,,Central Midfield,22.06.1996 (29),"1,89m",left,€35.00m,Arsenal,Premier League
Bukayo Saka,England,22,37,2609.0,29.0,12.0,13.0,25.0,10.0,2.0,3.0,5.0,0.0,11.2,8.9,10.9,19.8,139.0,88.0,341.0,0.41,0.45,0.86,0.34,0.79,0.41,0.39,0.8,0.32,0.72,,,,,,,,5.15,36.65,74.3%,3.06,4.93,11.95,1.62,0.36,1.08,0.43,0.36,,,,,,,,Right Winger,05.09.2001 (23),"1,78m",left,€150.00m,Arsenal,Premier League
Myles Lewis-Skelly,England,17,39,2303.0,25.6,1.0,1.0,2.0,1.0,0.0,0.0,6.0,2.0,0.3,0.3,1.0,1.2,44.0,95.0,44.0,0.04,0.04,0.08,0.04,0.08,0.01,0.05,0.06,0.01,0.06,,2.03,1.29,0.46,0.46,1.61,0.55,,,,,,,,,,,,,,,,,,,Left-Back,26.09.2006 (18),"1,78m",left,€45.00m,Arsenal,Premier League
Jakub Kiwior,Poland,24,30,2160.0,24.0,1.0,2.0,3.0,1.0,0.0,0.0,2.0,0.0,0.3,0.3,1.1,1.4,7.0,70.0,2.0,0.04,0.08,0.12,0.04,0.12,0.01,0.05,0.07,0.01,0.07,,0.1,1.76,0.43,0.86,3.56,1.05,,,,,,,,,,,,,,,,,,,Centre-Back,15.02.2000 (25),"1,89m",left,€28.00m,Arsenal,Premier League
Ben White,England,26,26,1533.0,17.0,0.0,2.0,2.0,0.0,0.0,0.0,3.0,0.0,0.6,0.6,1.5,2.1,28.0,88.0,54.0,0.0,0.12,0.12,0.0,0.12,0.04,0.09,0.12,0.04,0.12,,3.09,1.49,1.13,0.95,3.27,1.43,,,,,,,,,,,,,,,,,,,Right-Back,08.10.1997 (27),"1,86m",right,€45.00m,Arsenal,Premier League
Riccardo Calafiori,Italy,22,29,1496.0,16.6,3.0,2.0,5.0,3.0,0.0,0.0,7.0,0.0,1.5,1.5,1.3,2.8,30.0,67.0,39.0,0.18,0.12,0.3,0.18,0.3,0.1,0.09,0.18,0.1,0.18,,2.48,2.48,1.03,1.09,2.55,1.76,,,,,,,,,,,,,,,,,,,Left-Back,19.05.2002 (23),"1,88m",left,€35.00m,Arsenal,Premier League
Jorginho,Italy,32,27,1455.0,16.2,1.0,0.0,1.0,0.0,1.0,1.0,5.0,0.0,0.8,0.1,0.6,0.6,13.0,65.0,11.0,0.06,0.0,0.06,0.0,0.0,0.07,0.05,0.13,0.01,0.06,"2020-21 UEFA Men's Player of the Year, 2020-21 Champions League Champion",,,,,,,3.21,86.92,89.8%,9.09,0.53,0.94,1.87,2.01,0.67,0.4,0.67,,,,,,,,Defensive Midfield,20.12.1991 (33),"1,80m",right,€6.00m,Arsenal,Premier League
Ethan Nwaneri,England,17,37,1387.0,15.4,9.0,2.0,11.0,9.0,0.0,0.0,1.0,0.0,1.9,1.9,1.6,3.5,56.0,39.0,129.0,0.58,0.13,0.71,0.58,0.71,0.15,0.13,0.28,0.15,0.28,,,,,,,,2.65,40.38,79.3%,3.14,4.5,10.38,1.37,0.16,0.97,0.48,0.32,,,,,,,,Attacking Midfield,21.03.2007 (18),"1,76m",left,€55.00m,Arsenal,Premier League
Gabriel Jesus,Brazil,27,27,1207.0,13.4,7.0,2.0,9.0,7.0,0.0,0.0,5.0,0.0,4.4,4.4,1.1,5.5,21.0,24.0,93.0,0.52,0.15,0.67,0.52,0.67,0.45,0.12,0.57,0.45,0.57,"5x Domestic League Champion, 2016 Brazil Golden Ball",,,,,,,2.62,30.35,76.6%,2.51,2.09,9.73,1.67,0.63,1.99,0.94,1.47,,,,,,,,Centre-Forward,03.04.1997 (28),"1,75m",right,€32.00m,Arsenal,Premier League
Raheem Sterling,England,29,28,1147.0,12.7,1.0,5.0,6.0,1.0,0.0,1.0,5.0,0.0,3.0,2.2,1.3,3.5,39.0,23.0,107.0,0.08,0.39,0.47,0.08,0.47,0.33,0.15,0.48,0.24,0.39,"4x Premier League Champion, 2018-19 FWA Footballer of the Year",,,,,,,,,,,,,,,,,,,,,,,,,Right Winger,08.12.1994 (30),"1,70m",right,€10.00m,Arsenal,Premier League
Oleksandr Zinchenko,Ukraine,27,23,795.0,8.8,1.0,1.0,2.0,1.0,0.0,0.0,2.0,0.0,0.9,0.9,0.8,1.7,11.0,65.0,27.0,0.11,0.11,0.23,0.11,0.23,0.11,0.1,0.21,0.11,0.21,4x Premier League Champion,3.45,0.83,0.55,1.24,1.24,1.93,,,,,,,,,,,,,,,,,,,Left-Back,15.12.1996 (28),"1,75m",left,€20.00m,Arsenal,Premier League
Kieran Tierney,Scotland,27,20,456.0,5.1,1.0,0.0,1.0,1.0,0.0,0.0,0.0,0.0,0.4,0.4,1.5,1.9,10.0,22.0,36.0,0.2,0.0,0.2,0.2,0.2,0.08,0.36,0.44,0.08,0.44,4x Scottish Premiership Champion,,,,,,,,,,,,,,,,,,,,,,,,,Left-Back,05.06.1997 (28),"1,80m",left,€9.00m,Arsenal,Premier League
Jack Porter,England,16,1,90.0,1.0,0.0,0.0,0.0,0.0,0.0,0.0,0.0,0.0,,,,,,,,0.0,0.0,0.0,0.0,0.0,,,,,,,,,,,,,,,,,,,,,,,,,,,,,,,Goalkeeper,15.07.2008 (16),"1,87m",right,€400k,Arsenal,Premier League
Tommy Setford,England,18,1,90.0,1.0,0.0,0.0,0.0,0.0,0.0,0.0,0.0,0.0,,,,,,,,0.0,0.0,0.0,0.0,0.0,,,,,,,,,,,,,,,,,,,,,,,,,,,,,,,Goalkeeper,13.03.2006 (19),"1,85m",right,-,Arsenal,Premier League
Josh Nichols,England,18,1,90.0,1.0,0.0,0.0,0.0,0.0,0.0,0.0,0.0,0.0,,,,,,,,0.0,0.0,0.0,0.0,0.0,,,,,,,,,,,,,,,,,,,,,,,,,,,,,,,Right-Back,26.07.2006 (18),-,,-,Arsenal,Premier League
Neto,Brazil,35,1,90.0,1.0,0.0,0.0,0.0,0.0,0.0,0.0,0.0,0.0,0.0,0.0,0.0,0.0,0.0,0.0,0.0,0.0,0.0,0.0,0.0,0.0,0.0,0.0,0.0,0.0,0.0,2016-17 Serie A Champion,,,,,,,,,,,,,,,,,,,,,,,,,Goalkeeper,19.07.1989 (35),"1,90m",right,€1.50m,Arsenal,Premier League
Maldini Kacurri,Albania,18,1,21.0,0.2,0.0,0.0,0.0,0.0,0.0,0.0,0.0,0.0,,,,,,,,0.0,0.0,0.0,0.0,0.0,,,,,,,,,,,,,,,,,,,,,,,,,,,,,,,Centre-Back,04.10.2005 (19),"1,89m",,€300k,Arsenal,Premier League
Ayden Heaven,England,17,1,11.0,0.1,0.0,0.0,0.0,0.0,0.0,0.0,0.0,0.0,,,,,,,,0.0,0.0,0.0,0.0,0.0,,,,,,,,,,,,,,,,,,,,,,,,,,,,,,,Centre-Back,22.09.2006 (18),"1,89m",left,€5.00m,Arsenal,Premier League
Ismeal Kabia,England,18,1,10.0,0.1,0.0,0.0,0.0,0.0,0.0,0.0,0.0,0.0,,,,,,,,0.0,0.0,0.0,0.0,0.0,,,,,,,,,,,,,,,,,,,,,,,,,,,,,,,Right Winger,10.12.2005 (19),-,right,-,Arsenal,Premier League
Nathan Butler-Oyedeji,England,21,2,8.0,0.1,0.0,0.0,0.0,0.0,0.0,0.0,0.0,0.0,0.1,0.1,0.0,0.1,0.0,0.0,0.0,0.0,0.0,0.0,0.0,0.0,0.82,0.0,0.82,0.82,0.82,,,,,,,,,,,,,,,,,,,,,,,,,,Centre-Forward,04.01.2003 (22),"1,77m",right,€1.00m,Arsenal,Premier League
Takehiro Tomiyasu,Japan,25,1,7.0,0.1,0.0,0.0,0.0,0.0,0.0,0.0,0.0,0.0,0.2,0.2,0.0,0.2,0.0,1.0,0.0,0.0,0.0,0.0,0.0,0.0,2.37,0.0,2.37,2.37,2.37,,,,,,,,,,,,,,,,,,,,,,,,,,Right-Back,05.11.1998 (26),"1,88m",right,€18.00m,Arsenal,Premier League
Reiss Nelson,England,24,1,3.0,0.0,0.0,0.0,0.0,0.0,0.0,0.0,0.0,0.0,0.0,0.0,0.0,0.0,0.0,0.0,0.0,0.0,0.0,0.0,0.0,0.0,0.0,0.0,0.0,0.0,0.0,2017-18 Premier League 2 — Division 1 Champion,,,,,,,,,,,,,,,,,,,,,,,,,Right Winger,10.12.1999 (25),"1,75m",right,€16.00m,Arsenal,Premier League
Alexei Rojas,Colombia,18,0,,,,,,,,,,,,,,,,,,,,,,,,,,,,,,,,,,,,,,,,,,,,,,,,,,,,,Goalkeeper,28.09.2005 (19),"1,87m",right,€250k,Arsenal,Premier League
Brayden Clarke,Wales,17,0,,,,,,,,,,,,,,,,,,,,,,,,,,,,,,,,,,,,,,,,,,,,,,,,,,,,,Centre-Back,03.07.2007 (17),-,right,-,Arsenal,Premier League
Aaron Ramsdale,England,26,0,,,,,,,,,,,,,,,,,,,,,,,,,,,,,,,,,,,,,,,,,,,,,,67.6%,0.32,28.6%,10.0%,5.5%,0.67,11.7,Goalkeeper,14.05.1998 (27),"1,90m",right,€16.00m,Arsenal,Premier League
Eddie Nketiah,England,25,0,,,,,,,,,,,,,,,,,,,,,,,,,,,,2017-18 Premier League 2 — Division 1 Champion,,,,,,,,,,,,,,,,,,,,,,,,,Centre-Forward,30.05.1999 (26),"1,75m",right,€18.00m,Arsenal,Premier League
Zane Monlouis,England,20,0,,,,,,,,,,,,,,,,,,,,,,,,,,,,,0.35,0.35,1.05,1.23,6.13,2.45,,,,,,,,,,,,,,,,,,,Centre-Back,16.10.2003 (21),"1,86m",right,€400k,Arsenal,Premier League
Jack Henry-Francis,Ireland,20,0,,,,,,,,,,,,,,,,,,,,,,,,,,,,,,,,,,,,,,,,,,,,,,,,,,,,,Defensive Midfield,23.09.2003 (21),"1,81m",,€200k,Arsenal,Premier League
Josh Robinson,England,19,0,,,,,,,,,,,,,,,,,,,,,,,,,,,,,,,,,,,,,,,,,,,,,,,,,,,,,Right-Back,20.12.2004 (20),-,right,-,Arsenal,Premier League
Michal Rosiak,Poland,18,0,,,,,,,,,,,,,,,,,,,,,,,,,,,,,,,,,,,,,,,,,,,,,,,,,,,,,Defensive Midfield,12.10.2005 (19),"1,80m",right,-,Arsenal,Premier League
Jimi Gower,England,19,0,,,,,,,,,,,,,,,,,,,,,,,,,,,,,,,,,,,,,,,,,,,,,,,,,,,,,Central Midfield,01.10.2004 (20),"1,81m",right,-,Arsenal,Premier League
Mohamed Salah,Egypt,32,52,4490.0,49.9,34.0,23.0,57.0,23.0,11.0,12.0,1.0,0.0,30.2,21.6,17.7,39.3,191.0,184.0,602.0,0.68,0.46,1.14,0.46,0.92,0.66,0.38,1.04,0.47,0.85,"2x African Footballer of the Year, 2x Premier League Player of the Season, 4x Domestic League Champion, 2018-19 Champions League Champion, 3x FWA Footballer of the Year, 2x PFA Players' Player of the Year",,,,,,,,,,,,,,,,,,,,,,,,,Right Winger,15.06.1992 (33),"1,75m",left,€50.00m,Liverpool,Premier League
Virgil van Dijk,Netherlands,33,49,4436.0,49.3,5.0,1.0,6.0,5.0,0.0,0.0,7.0,0.0,2.9,2.9,0.8,3.7,23.0,234.0,6.0,0.1,0.02,0.12,0.1,0.12,0.06,0.02,0.08,0.06,0.08,"2018-19 Premier League Player of the Season, 2018-19 UEFA Men's Player of the Year, 5x Domestic League Champion, 2018-19 Champions League Champion, 2018-19 PFA Players' Player of the Year",0.15,0.97,1.38,0.84,4.88,3.04,,,,,,,,,,,,,,,,,,,Centre-Back,08.07.1991 (33),"1,95m",right,€23.00m,Liverpool,Premier League
Ryan Gravenberch,Netherlands,22,49,4196.0,46.6,0.0,4.0,4.0,0.0,0.0,0.0,7.0,1.0,1.1,1.1,3.8,4.9,87.0,232.0,72.0,0.0,0.09,0.09,0.0,0.09,0.03,0.09,0.11,0.03,0.11,4x Domestic League Champion,,,,,,,1.87,53.28,89.5%,5.3,1.99,1.68,2.06,1.87,1.05,1.49,0.68,,,,,,,,Defensive Midfield,16.05.2002 (23),"1,90m",right,€75.00m,Liverpool,Premier League
Alexis Mac Allister,Argentina,25,49,3558.0,39.5,7.0,6.0,13.0,7.0,0.0,0.0,11.0,0.0,4.3,4.3,7.0,11.3,44.0,221.0,92.0,0.18,0.15,0.33,0.18,0.33,0.12,0.19,0.31,0.12,0.31,"2x Domestic League Champion, 2022 World Cup Champion",,,,,,,4.12,52.03,83.8%,6.03,1.24,2.57,3.24,0.86,2.21,1.0,0.53,,,,,,,,Central Midfield,24.12.1998 (26),"1,76m",right,€100.00m,Liverpool,Premier League
Dominik Szoboszlai,Hungary,23,49,3421.0,38.0,8.0,8.0,16.0,8.0,0.0,0.0,6.0,0.0,8.4,8.4,8.1,16.5,84.0,169.0,158.0,0.21,0.21,0.42,0.21,0.42,0.24,0.23,0.47,0.24,0.47,4x Domestic League Champion,,,,,,,4.0,47.74,83.7%,4.78,2.39,4.52,1.44,0.35,1.44,0.72,0.6,,,,,,,,Attacking Midfield,25.10.2000 (24),"1,87m",right,€80.00m,Liverpool,Premier League
Ibrahima Konaté,France,25,42,3365.0,37.4,2.0,2.0,4.0,2.0,0.0,0.0,8.0,0.0,2.2,2.2,1.0,3.2,27.0,134.0,3.0,0.05,0.05,0.11,0.05,0.11,0.06,0.03,0.09,0.06,0.09,2024-25 Premier League Champion,0.08,1.22,0.69,1.05,4.7,2.32,,,,,,,,,,,,,,,,,,,Centre-Back,25.05.1999 (26),"1,94m",right,€60.00m,Liverpool,Premier League
Luis Díaz,Colombia,27,50,3323.0,36.9,17.0,5.0,22.0,17.0,0.0,0.0,3.0,0.0,14.5,14.5,6.2,20.7,134.0,133.0,371.0,0.46,0.14,0.6,0.46,0.6,0.43,0.18,0.61,0.43,0.61,4x Domestic League Champion,,,,,,,,,,,,,,,,,,,,,,,,,Left Winger,13.01.1997 (28),"1,80m",right,€70.00m,Liverpool,Premier League
Andrew Robertson,Scotland,30,45,3311.0,36.8,0.0,2.0,2.0,0.0,0.0,0.0,5.0,1.0,1.6,1.6,5.3,6.9,76.0,214.0,127.0,0.0,0.05,0.05,0.0,0.05,0.05,0.16,0.21,0.05,0.21,"2x Premier League Champion, 2018-19 Champions League Champion",3.8,1.33,0.75,0.48,2.23,0.27,,,,,,,,,,,,,,,,,,,Left-Back,11.03.1994 (31),"1,78m",left,€18.00m,Liverpool,Premier League
Alisson,Brazil,31,35,3168.0,35.2,0.0,0.0,0.0,0.0,0.0,0.0,0.0,0.0,0.0,0.0,0.6,0.6,0.0,1.0,0.0,0.0,0.0,0.0,0.0,0.0,0.0,0.02,0.02,0.0,0.02,"2019 The Best FIFA Men's Goalkeeper, 2x Premier League Champion, 2018-19 Champions League Champion",,,,,,,,,,,,,,,,,,73.4%,0.29,0.0%,33.3%,4.8%,1.62,15.4,Goalkeeper,02.10.1992 (32),"1,93m",right,€20.00m,Liverpool,Premier League
Trent Alexander-Arnold,England,25,44,3073.0,34.1,4.0,7.0,11.0,4.0,0.0,0.0,5.0,0.0,2.3,2.3,7.8,10.2,56.0,278.0,110.0,0.12,0.21,0.32,0.12,0.32,0.07,0.24,0.31,0.07,0.31,"2x Premier League Champion, 2018-19 Champions League Champion",3.46,2.7,1.23,0.88,1.89,0.13,,,,,,,,,,,,,,,,,,,Right-Back,07.10.1998 (26),"1,80m",right,€75.00m,Liverpool,Premier League
Cody Gakpo,Netherlands,25,49,2690.0,29.9,18.0,6.0,24.0,17.0,1.0,1.0,5.0,0.0,9.7,8.9,5.8,14.7,80.0,68.0,327.0,0.6,0.2,0.8,0.57,0.77,0.38,0.23,0.61,0.35,0.58,"2024-25 Premier League Champion, 2021-22 Netherlands Footballer of the Year",,,,,,,,,,,,,,,,,,,,,,,,,Left Winger,07.05.1999 (26),"1,93m",right,€70.00m,Liverpool,Premier League
Curtis Jones,England,23,46,2438.0,27.1,3.0,6.0,9.0,3.0,0.0,0.0,3.0,1.0,4.7,4.7,3.0,7.7,44.0,135.0,103.0,0.11,0.22,0.33,0.11,0.33,0.21,0.14,0.34,0.21,0.34,2x Premier League Champion,,,,,,,2.9,57.15,92.7%,5.97,1.9,4.45,1.95,0.39,1.21,0.48,0.73,,,,,,,,Central Midfield,30.01.2001 (24),"1,85m",right,€45.00m,Liverpool,Premier League
Darwin Núñez,Uruguay,25,47,2058.0,22.9,7.0,5.0,12.0,7.0,0.0,0.0,9.0,0.0,8.6,8.6,1.8,10.5,35.0,39.0,114.0,0.31,0.22,0.52,0.31,0.52,0.5,0.1,0.6,0.5,0.6,"2x Domestic League Champion, 2021-22 Portuguese Best Player",,,,,,,,,,,,,,,,,,,,,,,,,Centre-Forward,24.06.1999 (26),"1,87m",right,€45.00m,Liverpool,Premier League
Diogo Jota,Portugal,27,37,1831.0,20.3,9.0,3.0,12.0,9.0,0.0,0.0,2.0,0.0,8.9,8.9,2.0,10.8,39.0,45.0,99.0,0.44,0.15,0.59,0.44,0.59,0.56,0.12,0.68,0.56,0.68,2024-25 Premier League Champion,,,,,,,,,,,,,,,,,,,,,,,,,Centre-Forward,04.12.1996 (28),"1,78m",right,€40.00m,Liverpool,Premier League
Caoimhín Kelleher,Ireland,25,20,1800.0,20.0,0.0,0.0,0.0,0.0,0.0,0.0,0.0,0.0,0.0,0.0,0.0,0.0,0.0,0.0,0.0,0.0,0.0,0.0,0.0,0.0,0.0,0.0,0.0,0.0,0.0,2024-25 Premier League Champion,,,,,,,,,,,,,,,,,,69.5%,0.32,100.0%,46.7%,4.6%,1.27,15.2,Goalkeeper,23.11.1998 (26),"1,88m",right,€20.00m,Liverpool,Premier League
Conor Bradley,Northern Ireland,21,29,1391.0,15.5,0.0,4.0,4.0,0.0,0.0,0.0,4.0,0.0,1.0,1.0,1.7,2.7,44.0,44.0,54.0,0.0,0.26,0.26,0.0,0.26,0.09,0.15,0.24,0.09,0.24,2024-25 Premier League Champion,4.78,2.12,0.44,1.06,3.19,1.24,,,,,,,,,,,,,,,,,,,Right-Back,09.07.2003 (21),"1,81m",right,€30.00m,Liverpool,Premier League
Jarell Quansah,England,21,25,1298.0,14.4,0.0,0.0,0.0,0.0,0.0,0.0,3.0,0.0,0.6,0.6,0.1,0.7,5.0,24.0,5.0,0.0,0.0,0.0,0.0,0.0,0.07,0.01,0.09,0.07,0.09,2024-25 Premier League Champion,0.66,1.45,1.32,1.59,4.76,1.06,,,,,,,,,,,,,,,,,,,Centre-Back,29.01.2003 (22),"1,90m",right,€20.00m,Liverpool,Premier League
Wataru Endo,Japan,31,32,879.0,9.8,0.0,0.0,0.0,0.0,0.0,0.0,1.0,0.0,0.0,0.0,0.1,0.1,2.0,23.0,10.0,0.0,0.0,0.0,0.0,0.0,0.0,0.01,0.01,0.0,0.01,2024-25 Premier League Champion,,,,,,,,,,,,,,,,,,,,,,,,,Defensive Midfield,09.02.1993 (32),"1,78m",right,€8.00m,Liverpool,Premier League
Joe Gomez,England,27,17,876.0,9.7,0.0,0.0,0.0,0.0,0.0,0.0,2.0,0.0,0.5,0.5,0.1,0.6,7.0,45.0,5.0,0.0,0.0,0.0,0.0,0.0,0.06,0.02,0.08,0.06,0.08,"2x Premier League Champion, 2018-19 Champions League Champion",0.68,2.05,1.23,1.77,4.09,1.5,,,,,,,,,,,,,,,,,,,Centre-Back,23.05.1997 (28),"1,88m",right,€20.00m,Liverpool,Premier League
Harvey Elliott,England,21,28,838.0,9.3,5.0,3.0,8.0,5.0,0.0,0.0,4.0,0.0,2.4,2.4,1.1,3.6,13.0,53.0,40.0,0.54,0.32,0.86,0.54,0.86,0.42,0.19,0.61,0.42,0.61,2024-25 Premier League Champion,,,,,,,4.48,64.76,81.5%,8.8,2.16,6.64,0.83,0.66,1.33,0.83,0.17,,,,,,,,Attacking Midfield,04.04.2003 (22),"1,70m",left,€30.00m,Liverpool,Premier League
Federico Chiesa,Italy,26,14,470.0,5.2,2.0,1.0,3.0,2.0,0.0,0.0,1.0,0.0,0.5,0.5,0.2,0.7,7.0,7.0,20.0,0.38,0.19,0.57,0.38,0.57,0.21,0.07,0.28,0.21,0.28,2024-25 Premier League Champion,,,,,,,,,,,,,,,,,,,,,,,,,Right Winger,25.10.1997 (27),"1,75m",right,€14.00m,Liverpool,Premier League
Tyler Morton,England,21,5,260.0,2.9,0.0,1.0,1.0,0.0,0.0,0.0,1.0,0.0,0.0,0.0,0.0,0.0,1.0,2.0,0.0,0.0,0.35,0.35,0.0,0.35,0.08,0.0,0.08,0.08,0.08,,,,,,,,,,,,,,,,,,,,,,,,,,Defensive Midfield,31.10.2002 (22),"1,85m",right,€7.00m,Liverpool,Premier League
James McConnell,England,19,4,239.0,2.7,0.0,0.0,0.0,0.0,0.0,0.0,1.0,0.0,0.0,0.0,0.0,0.0,3.0,5.0,1.0,0.0,0.0,0.0,0.0,0.0,0.0,0.0,0.0,0.0,0.0,,,,,,,,,,,,,,,,,,,,,,,,,,Central Midfield,13.09.2004 (20),-,,€2.00m,Liverpool,Premier League
Trey Nyoni,England,17,5,226.0,2.5,0.0,1.0,1.0,0.0,0.0,0.0,1.0,0.0,0.0,0.0,0.0,0.0,0.0,1.0,1.0,0.0,0.4,0.4,0.0,0.4,0.0,0.0,0.0,0.0,0.0,,,,,,,,,,,,,,,,,,,,,,,,,,Central Midfield,30.06.2007 (18),"1,80m",right,€4.50m,Liverpool,Premier League
Jayden Danns,England,18,4,117.0,1.3,1.0,0.0,1.0,1.0,0.0,0.0,0.0,0.0,0.1,0.1,0.0,0.1,1.0,3.0,0.0,0.77,0.0,0.77,0.77,0.77,0.07,0.0,0.07,0.07,0.07,,,,,,,,,,,,,,,,,,,,,,,,,,Centre-Forward,16.01.2006 (19),"1,83m",right,€800k,Liverpool,Premier League
Vitezslav Jaros,Czech Republic,23,2,102.0,1.1,0.0,0.0,0.0,0.0,0.0,0.0,0.0,0.0,0.0,0.0,0.0,0.0,0.0,0.0,0.0,0.0,0.0,0.0,0.0,0.0,0.0,0.0,0.0,0.0,0.0,2023-24 Austrian Bundesliga Champion,,,,,,,,,,,,,,,,,,,,,,,,,Goalkeeper,23.07.2001 (23),"1,90m",right,€4.00m,Liverpool,Premier League
Rio Ngumoha,England,15,1,71.0,0.8,0.0,0.0,0.0,0.0,0.0,0.0,0.0,0.0,,,,,,,,0.0,0.0,0.0,0.0,0.0,,,,,,,,,,,,,,,,,,,,,,,,,,,,,,,Left Winger,29.08.2008 (16),"1,70m",right,-,Liverpool,Premier League
Isaac Mabaya,England,19,1,47.0,0.5,0.0,0.0,0.0,0.0,0.0,0.0,1.0,0.0,,,,,,,,0.0,0.0,0.0,0.0,0.0,,,,,,,,,,,,,,,,,,,,,,,,,,,,,,,Right-Back,22.09.2004 (20),-,right,-,Liverpool,Premier League
Amara Nallo,England,17,1,4.0,0.0,0.0,0.0,0.0,0.0,0.0,0.0,0.0,1.0,0.0,0.0,0.0,0.0,0.0,0.0,0.0,0.0,0.0,0.0,0.0,0.0,0.0,0.0,0.0,0.0,0.0,,,,,,,,,,,,,,,,,,,,,,,,,,Centre-Back,18.11.2006 (18),"1,86m",both,€1.00m,Liverpool,Premier League
Kieran Morrison,Northern Ireland,17,0,,,,,,,,,,,,,,,,,,,,,,,,,,,,,,,,,,,,,,,,,,,,,,,,,,,,,Attacking Midfield,09.11.2006 (18),"1,80m",left,-,Liverpool,Premier League
Harvey Davies,England,20,0,,,,,,,,,,,,,,,,,,,,,,,,,,,,,,,,,,,,,,,,,,,,,,,,,,,,,Goalkeeper,03.09.2003 (21),"1,90m",left,€500k,Liverpool,Premier League
James Norris,England,21,0,,,,,,,,,,,,,,,,,,,,,,,,,,,,,,,,,,,,,,,,,,,,,,,,,,,,,Left-Back,04.04.2003 (22),"1,72m",left,€150k,Liverpool,Premier League
Ranel Young,England,18,0,,,,,,,,,,,,,,,,,,,,,,,,,,,,,,,,,,,,,,,,,,,,,,,,,,,,,Right Winger,26.12.2005 (19),-,,-,Liverpool,Premier League
Willian Pacho,Ecuador,22,52,4133.0,45.9,0.0,2.0,2.0,0.0,0.0,0.0,2.0,0.0,0.3,0.3,0.5,0.8,6.0,89.0,3.0,0.0,0.04,0.04,0.0,0.04,0.01,0.01,0.02,0.01,0.02,"3x Domestic League Champion, 2024-25 Champions League Champion",0.08,2.03,1.48,1.28,4.07,1.53,,,,,,,,,,,,,,,,,,,Centre-Back,16.10.2001 (23),"1,87m",left,€65.00m,PSG,Ligue 1
Achraf Hakimi,Morocco,25,48,4102.0,45.6,9.0,12.0,21.0,9.0,0.0,0.0,7.0,0.0,6.1,6.1,10.8,16.9,168.0,293.0,434.0,0.2,0.26,0.46,0.2,0.46,0.15,0.27,0.43,0.15,0.43,"5x Domestic League Champion, 2024-25 Champions League Champion",10.79,2.08,1.12,1.24,1.09,0.38,,,,,,,,,,,,,,,,,,,Right-Back,04.11.1998 (26),"1,81m",right,€80.00m,PSG,Ligue 1
Vitinha,Portugal,24,52,3927.0,43.6,7.0,3.0,10.0,4.0,3.0,4.0,1.0,0.0,5.7,2.6,4.7,7.3,77.0,327.0,78.0,0.16,0.07,0.23,0.09,0.16,0.15,0.12,0.27,0.07,0.19,"5x Domestic League Champion, 2024-25 Champions League Champion",,,,,,,3.35,98.25,93.0%,8.38,2.01,1.99,1.57,0.9,0.88,1.24,0.05,,,,,,,,Central Midfield,13.02.2000 (25),"1,72m",right,€80.00m,PSG,Ligue 1
João Neves,Portugal,19,52,3776.0,42.0,5.0,9.0,14.0,5.0,0.0,0.0,4.0,0.0,5.1,5.1,5.7,10.8,57.0,234.0,112.0,0.12,0.21,0.33,0.12,0.33,0.14,0.16,0.3,0.14,0.3,"2x Domestic League Champion, 2024-25 Champions League Champion",,,,,,,3.07,73.11,91.4%,6.35,1.56,2.95,3.26,0.95,1.37,1.37,1.0,,,,,,,,Central Midfield,27.09.2004 (20),"1,74m",right,€80.00m,PSG,Ligue 1
Bradley Barcola,France,21,58,3655.0,40.6,21.0,18.0,39.0,21.0,0.0,0.0,4.0,0.0,19.5,19.5,13.9,33.3,198.0,121.0,551.0,0.52,0.44,0.96,0.52,0.96,0.54,0.38,0.92,0.54,0.92,"2x Ligue 1 Champion, 2024-25 Champions League Champion",,,,,,,,,,,,,,,,,,,,,,,,,Left Winger,02.09.2002 (22),"1,82m",right,€70.00m,PSG,Ligue 1
Nuno Mendes,Portugal,22,46,3572.0,39.7,5.0,5.0,10.0,5.0,0.0,0.0,8.0,0.0,4.4,4.4,6.3,10.6,100.0,225.0,155.0,0.13,0.13,0.25,0.13,0.25,0.13,0.18,0.31,0.13,0.31,"5x Domestic League Champion, 2024-25 Champions League Champion",4.48,2.26,1.17,1.11,2.51,1.0,,,,,,,,,,,,,,,,,,,Left-Back,19.06.2002 (23),"1,80m",left,€70.00m,PSG,Ligue 1
Gianluigi Donnarumma,Italy,25,40,3561.0,39.6,0.0,0.0,0.0,0.0,0.0,0.0,2.0,0.0,0.0,0.0,0.0,0.0,0.0,0.0,0.0,0.0,0.0,0.0,0.0,0.0,0.0,0.0,0.0,0.0,0.0,"4x Ligue 1 Champion, 2024-25 Champions League Champion",,,,,,,,,,,,,,,,,,68.6%,0.31,0.0%,27.0%,6.4%,0.86,12.6,Goalkeeper,25.02.1999 (26),"1,96m",right,€40.00m,PSG,Ligue 1
Marquinhos,Brazil,30,42,3554.0,39.5,3.0,0.0,3.0,3.0,0.0,0.0,7.0,0.0,1.8,1.8,1.4,3.2,36.0,238.0,5.0,0.08,0.0,0.08,0.08,0.08,0.05,0.04,0.09,0.05,0.09,"10x Ligue 1 Champion, 3x Coupe de la Ligue Champion, 2024-25 Champions League Champion",0.14,1.69,0.49,1.43,4.61,2.09,,,,,,,,,,,,,,,,,,,Centre-Back,14.05.1994 (31),"1,83m",right,€35.00m,PSG,Ligue 1
Ousmane Dembélé,France,27,49,3307.0,36.7,33.0,13.0,46.0,32.0,1.0,1.0,3.0,1.0,24.7,23.9,11.9,35.8,216.0,224.0,390.0,0.9,0.35,1.25,0.87,1.22,0.78,0.38,1.15,0.75,1.13,"2024-25 Ligue 1 Male Player of the Year, 5x Domestic League Champion, 2024-25 Champions League Champion, 2018 World Cup Champion",,,,,,,,,,,,,,,,,,,,,,,,,Right Winger,15.05.1997 (28),"1,78m",both,€90.00m,PSG,Ligue 1
Désiré Doué,France,19,54,3012.0,33.5,15.0,14.0,29.0,15.0,0.0,0.0,2.0,0.0,7.8,7.8,10.4,18.2,149.0,166.0,296.0,0.45,0.42,0.87,0.45,0.87,0.29,0.38,0.67,0.29,0.67,"2024-25 Ligue 1 Champion, 2024-25 Champions League Champion",,,,,,,,,,,,,,,,,,,,,,,,,Right Winger,03.06.2005 (20),"1,81m",right,€90.00m,PSG,Ligue 1
Warren Zaïre-Emery,France,18,48,2986.0,33.2,3.0,2.0,5.0,3.0,0.0,0.0,3.0,0.0,2.9,2.9,1.8,4.7,64.0,179.0,113.0,0.09,0.06,0.15,0.09,0.15,0.1,0.06,0.16,0.1,0.16,"3x Ligue 1 Champion, 2024-25 Champions League Champion",,,,,,,2.61,70.24,91.6%,6.37,2.37,4.03,2.2,0.92,1.46,0.88,0.44,,,,,,,,Central Midfield,08.03.2006 (19),"1,78m",right,€55.00m,PSG,Ligue 1
Lucas Beraldo,Brazil,20,33,2453.0,27.3,1.0,0.0,1.0,1.0,0.0,0.0,7.0,0.0,1.0,1.0,0.4,1.4,10.0,137.0,0.0,0.04,0.0,0.04,0.04,0.04,0.04,0.02,0.06,0.04,0.06,"2x Ligue 1 Champion, 2024-25 Champions League Champion",0.0,1.63,1.05,0.75,2.8,2.17,,,,,,,,,,,,,,,,,,,Centre-Back,24.11.2003 (21),"1,86m",left,€25.00m,PSG,Ligue 1
Khvicha Kvaratskhelia,Georgia,23,25,1800.0,20.0,7.0,5.0,12.0,7.0,0.0,0.0,1.0,0.0,5.3,5.3,6.4,11.7,104.0,69.0,196.0,0.35,0.25,0.6,0.35,0.6,0.29,0.35,0.64,0.29,0.64,"3x Domestic League Champion, 2024-25 Champions League Champion, 4x Georgian Footballer of the Year",,,,,,,,,,,,,,,,,,,,,,,,,Left Winger,12.02.2001 (24),"1,83m",both,€90.00m,PSG,Ligue 1
Gonçalo Ramos,Portugal,23,41,1675.0,18.6,18.0,6.0,24.0,14.0,4.0,5.0,2.0,0.0,16.3,14.0,3.0,16.9,14.0,26.0,68.0,0.97,0.32,1.29,0.75,1.07,1.15,0.21,1.36,0.98,1.19,"3x Domestic League Champion, 2024-25 Champions League Champion",,,,,,,,,,,,,,,,,,,,,,,,,Centre-Forward,20.06.2001 (24),"1,85m",right,€40.00m,PSG,Ligue 1
Lucas Hernández,France,28,25,1221.0,13.6,0.0,0.0,0.0,0.0,0.0,0.0,2.0,0.0,0.0,0.0,0.1,0.1,6.0,57.0,5.0,0.0,0.0,0.0,0.0,0.0,0.0,0.0,0.01,0.0,0.01,"6x Domestic League Champion, 2x Champions League Champion, 2018 World Cup Champion",0.6,2.22,0.77,1.28,3.75,1.45,,,,,,,,,,,,,,,,,,,Left-Back,14.02.1996 (29),"1,84m",left,€25.00m,PSG,Ligue 1
Senny Mayulu,France,18,29,1083.0,12.0,5.0,3.0,8.0,5.0,0.0,0.0,2.0,0.0,3.2,3.2,2.1,5.2,30.0,49.0,59.0,0.42,0.25,0.66,0.42,0.66,0.33,0.22,0.55,0.33,0.55,"2x Ligue 1 Champion, 2024-25 Champions League Champion",,,,,,,4.09,50.56,87.3%,5.14,3.15,6.19,2.73,0.52,0.84,1.26,0.1,,,,,,,,Central Midfield,17.05.2006 (19),"1,83m",both,€15.00m,PSG,Ligue 1
Marco Asensio,Spain,28,16,753.0,8.4,2.0,4.0,6.0,2.0,0.0,0.0,0.0,0.0,5.8,5.8,2.8,8.6,22.0,38.0,56.0,0.24,0.48,0.72,0.24,0.72,0.69,0.34,1.02,0.69,1.02,"5x Domestic League Champion, 4x Champions League Champion",,,,,,,,,,,,,,,,,,,,,,,,,Attacking Midfield,21.01.1996 (29),"1,82m",left,€20.00m,PSG,Ligue 1
Randal Kolo Muani,France,25,14,465.0,5.2,2.0,1.0,3.0,1.0,1.0,1.0,0.0,0.0,5.5,4.7,1.2,5.9,10.0,9.0,48.0,0.39,0.19,0.58,0.19,0.39,1.07,0.23,1.3,0.92,1.14,"2x Ligue 1 Champion, 2024-25 Champions League Champion",,,,,,,,,,,,,,,,,,,,,,,,,Centre-Forward,05.12.1998 (26),"1,87m",right,€30.00m,PSG,Ligue 1
Milan Škriniar,Slovakia,29,5,382.0,4.2,0.0,0.0,0.0,0.0,0.0,0.0,1.0,0.0,0.2,0.2,0.1,0.3,3.0,20.0,0.0,0.0,0.0,0.0,0.0,0.0,0.04,0.02,0.06,0.04,0.06,"3x Domestic League Champion, 4x Slovak Footballer of the Year",0.0,1.52,1.4,1.63,4.66,2.1,,,,,,,,,,,,,,,,,,,Centre-Back,11.02.1995 (30),"1,88m",right,€15.00m,PSG,Ligue 1
Ibrahim Mbaye,France,16,10,354.0,3.9,1.0,1.0,2.0,1.0,0.0,0.0,0.0,0.0,1.8,1.8,1.1,2.9,15.0,9.0,54.0,0.25,0.25,0.51,0.25,0.51,0.48,0.3,0.78,0.48,0.78,2024-25 Ligue 1 Champion,,,,,,,,,,,,,,,,,,,,,,,,,Right Winger,24.01.2008 (17),"1,75m",right,€3.00m,PSG,Ligue 1
Yoram Zague,France,18,6,273.0,3.0,0.0,0.0,0.0,0.0,0.0,0.0,0.0,0.0,0.1,0.1,0.1,0.1,5.0,10.0,17.0,0.0,0.0,0.0,0.0,0.0,0.02,0.03,0.05,0.02,0.05,2023-24 Ligue 1 Champion,,,,,,,,,,,,,,,,,,,,,,,,,Right-Back,15.05.2006 (19),"1,68m",right,€2.50m,PSG,Ligue 1
Axel Tapé,France,16,3,251.0,2.8,0.0,0.0,0.0,0.0,0.0,0.0,1.0,0.0,0.0,0.0,0.0,0.1,1.0,5.0,1.0,0.0,0.0,0.0,0.0,0.0,0.02,0.0,0.03,0.02,0.03,,,,,,,,,,,,,,,,,,,,,,,,,,Centre-Back,10.08.2007 (17),"1,80m",right,€2.00m,PSG,Ligue 1
Arnau Tenas,Spain,23,2,180.0,2.0,0.0,1.0,1.0,0.0,0.0,0.0,0.0,0.0,0.0,0.0,0.2,0.2,0.0,1.0,0.0,0.0,0.5,0.5,0.0,0.5,0.0,0.21,0.21,0.0,0.21,2023-24 Ligue 1 Champion,,,,,,,,,,,,,,,,,,,,,,,,,Goalkeeper,30.05.2001 (24),"1,85m",right,€3.00m,PSG,Ligue 1
Presnel Kimpembe,France,28,5,81.0,0.9,0.0,0.0,0.0,0.0,0.0,0.0,1.0,0.0,0.0,0.0,0.0,0.0,1.0,1.0,0.0,0.0,0.0,0.0,0.0,0.0,0.0,0.0,0.0,0.0,0.0,"6x Ligue 1 Champion, 2x Coupe de la Ligue Champion, 2018 World Cup Champion",,,,,,,,,,,,,,,,,,,,,,,,,Centre-Back,13.08.1995 (29),"1,83m",left,€5.00m,PSG,Ligue 1
Noham Kamara,France,17,2,76.0,0.8,0.0,0.0,0.0,0.0,0.0,0.0,0.0,0.0,0.0,0.0,0.0,0.0,2.0,5.0,0.0,0.0,0.0,0.0,0.0,0.0,0.0,0.0,0.0,0.0,0.0,,,,,,,,,,,,,,,,,,,,,,,,,,Centre-Back,22.01.2007 (18),"1,83m",right,€500k,PSG,Ligue 1
Naoufel El Hannach,Morocco,17,0,,,,,,,,,,,,,,,,,,,,,,,,,,,,,,,,,,,,,,,,,,,,,,,,,,,,,Centre-Back,07.12.2006 (18),"1,83m",right,-,PSG,Ligue 1
Louis Mouquet,Portugal,20,0,,,,,,,,,,,,,,,,,,,,,,,,,,,,,,,,,,,,,,,,,,,,,,,,,,,,,Goalkeeper,21.07.2004 (20),"1,87m",right,-,PSG,Ligue 1
Carlos Soler,Spain,27,0,,,,,,,,,,,,,,,,,,,,,,,,,,,,2x Ligue 1 Champion,,,,,,,3.26,42.73,85.2%,3.58,1.09,2.36,1.02,0.51,1.21,1.34,0.64,,,,,,,,Central Midfield,02.01.1997 (28),"1,80m",right,€18.00m,PSG,Ligue 1
Wassim Slama,France,15,0,,,,,,,,,,,,,,,,,,,,,,,,,,,,,,,,,,,,,,,,,,,,,,,,,,,,,Attacking Midfield,26.09.2008 (16),-,,-,PSG,Ligue 1
