player,nation,age,mp,min,90s Played,gls,ast,g+a,g-pk,pk,pkatt,Yellow Cards,Red Cards,xg,npxg,xag,npxg+xag,Progressive Carries,Progressive Passes,Progressive Passes Received,gls_1,ast_1,g+a_1,g-pk_1,g+a-pk,xg_1,xag_1,xg+xag,npxg_1,npxg+xag_1,achievements,df_progressive_passes_rec_90,df_tackles_90,df_interceptions_90,df_blocks_90,df_clearances_90,df_aerials_won_90,mf_shot_creating_actions_90,mf_passes_attempted_90,mf_pass_completion_pct,mf_progressive_passes_90,mf_progressive_carries_90,mf_progressive_passes_rec_90,mf_tackles_90,mf_interceptions_90,mf_blocks_90,mf_clearances_90,mf_aerials_won_90,gk_save_percentage,gk_psxg_per_sot,gk_save_pct_penalty_kicks,gk_clean_sheet_percentage,gk_crosses_stopped_pct,gk_def_actions_outside_pen_area,gk_avg_distance_of_def_actions,Player,Position,Date of birth / Age,Height,Foot,Market value,Club,League
Mohamed Salah,egEGY,32,52,4490.0,49.9,34.0,23.0,57.0,23.0,11.0,12.0,1.0,0.0,30.2,21.6,17.7,39.3,191.0,184.0,602.0,0.68,0.46,1.14,0.46,0.92,0.66,0.38,1.04,0.47,0.85,"2x African Footballer of the Year, 2x Premier League Player of the Season, 4x Domestic League Champion, 2018-19 Champions League Champion, 3x FWA Footballer of the Year, 2x PFA Players' Player of the Year",,,,,,,,,,,,,,,,,,,,,,,,,Mohamed Salah,Right Winger,15.06.1992 (33),"1,75m",left,€50.00m,Liverpool,Premier League
Virgil van Dijk,nlNED,33,49,4436.0,49.3,5.0,1.0,6.0,5.0,0.0,0.0,7.0,0.0,2.9,2.9,0.8,3.7,23.0,234.0,6.0,0.1,0.02,0.12,0.1,0.12,0.06,0.02,0.08,0.06,0.08,"2018-19 Premier League Player of the Season, 2018-19 UEFA Men's Player of the Year, 5x Domestic League Champion, 2018-19 Champions League Champion, 2018-19 PFA Players' Player of the Year",0.15,0.97,1.38,0.84,4.88,3.04,,,,,,,,,,,,,,,,,,,Virgil van Dijk,Centre-Back,08.07.1991 (33),"1,95m",right,€23.00m,Liverpool,Premier League
Ryan Gravenberch,nlNED,22,49,4196.0,46.6,0.0,4.0,4.0,0.0,0.0,0.0,7.0,1.0,1.1,1.1,3.8,4.9,87.0,232.0,72.0,0.0,0.09,0.09,0.0,0.09,0.03,0.09,0.11,0.03,0.11,4x Domestic League Champion,,,,,,,1.87,53.28,89.5%,5.3,1.99,1.68,2.06,1.87,1.05,1.49,0.68,,,,,,,,Ryan Gravenberch,Defensive Midfield,16.05.2002 (23),"1,90m",right,€75.00m,Liverpool,Premier League
Alexis Mac Allister,arARG,25,49,3558.0,39.5,7.0,6.0,13.0,7.0,0.0,0.0,11.0,0.0,4.3,4.3,7.0,11.3,44.0,221.0,92.0,0.18,0.15,0.33,0.18,0.33,0.12,0.19,0.31,0.12,0.31,"2x Domestic League Champion, 2022 World Cup Champion",,,,,,,4.12,52.03,83.8%,6.03,1.24,2.57,3.24,0.86,2.21,1.0,0.53,,,,,,,,Alexis Mac Allister,Central Midfield,24.12.1998 (26),"1,76m",right,€100.00m,Liverpool,Premier League
Dominik Szoboszlai,huHUN,23,49,3421.0,38.0,8.0,8.0,16.0,8.0,0.0,0.0,6.0,0.0,8.4,8.4,8.1,16.5,84.0,169.0,158.0,0.21,0.21,0.42,0.21,0.42,0.24,0.23,0.47,0.24,0.47,4x Domestic League Champion,,,,,,,4.0,47.74,83.7%,4.78,2.39,4.52,1.44,0.35,1.44,0.72,0.6,,,,,,,,Dominik Szoboszlai,Attacking Midfield,25.10.2000 (24),"1,87m",right,€80.00m,Liverpool,Premier League
Ibrahima Konaté,frFRA,25,42,3365.0,37.4,2.0,2.0,4.0,2.0,0.0,0.0,8.0,0.0,2.2,2.2,1.0,3.2,27.0,134.0,3.0,0.05,0.05,0.11,0.05,0.11,0.06,0.03,0.09,0.06,0.09,2024-25 Premier League Champion,0.08,1.22,0.69,1.05,4.7,2.32,,,,,,,,,,,,,,,,,,,Ibrahima Konaté,Centre-Back,25.05.1999 (26),"1,94m",right,€60.00m,Liverpool,Premier League
Luis Díaz,coCOL,27,50,3323.0,36.9,17.0,5.0,22.0,17.0,0.0,0.0,3.0,0.0,14.5,14.5,6.2,20.7,134.0,133.0,371.0,0.46,0.14,0.6,0.46,0.6,0.43,0.18,0.61,0.43,0.61,4x Domestic League Champion,,,,,,,,,,,,,,,,,,,,,,,,,Luis Díaz,Left Winger,13.01.1997 (28),"1,80m",right,€70.00m,Liverpool,Premier League
Andrew Robertson,sctSCO,30,45,3311.0,36.8,0.0,2.0,2.0,0.0,0.0,0.0,5.0,1.0,1.6,1.6,5.3,6.9,76.0,214.0,127.0,0.0,0.05,0.05,0.0,0.05,0.05,0.16,0.21,0.05,0.21,"2x Premier League Champion, 2018-19 Champions League Champion",3.8,1.33,0.75,0.48,2.23,0.27,,,,,,,,,,,,,,,,,,,Andrew Robertson,Left-Back,11.03.1994 (31),"1,78m",left,€18.00m,Liverpool,Premier League
Alisson,brBRA,31,35,3168.0,35.2,0.0,0.0,0.0,0.0,0.0,0.0,0.0,0.0,0.0,0.0,0.6,0.6,0.0,1.0,0.0,0.0,0.0,0.0,0.0,0.0,0.0,0.02,0.02,0.0,0.02,"2019 The Best FIFA Men's Goalkeeper, 2x Premier League Champion, 2018-19 Champions League Champion",,,,,,,,,,,,,,,,,,73.4%,0.29,0.0%,33.3%,4.8%,1.62,15.4,Alisson,Goalkeeper,02.10.1992 (32),"1,93m",right,€20.00m,Liverpool,Premier League
Trent Alexander-Arnold,engENG,25,44,3073.0,34.1,4.0,7.0,11.0,4.0,0.0,0.0,5.0,0.0,2.3,2.3,7.8,10.2,56.0,278.0,110.0,0.12,0.21,0.32,0.12,0.32,0.07,0.24,0.31,0.07,0.31,"2x Premier League Champion, 2018-19 Champions League Champion",3.46,2.7,1.23,0.88,1.89,0.13,,,,,,,,,,,,,,,,,,,Trent Alexander-Arnold,Right-Back,07.10.1998 (26),"1,80m",right,€75.00m,Liverpool,Premier League
Cody Gakpo,nlNED,25,49,2690.0,29.9,18.0,6.0,24.0,17.0,1.0,1.0,5.0,0.0,9.7,8.9,5.8,14.7,80.0,68.0,327.0,0.6,0.2,0.8,0.57,0.77,0.38,0.23,0.61,0.35,0.58,"2024-25 Premier League Champion, 2021-22 Netherlands Footballer of the Year",,,,,,,,,,,,,,,,,,,,,,,,,Cody Gakpo,Left Winger,07.05.1999 (26),"1,93m",right,€70.00m,Liverpool,Premier League
Curtis Jones,engENG,23,46,2438.0,27.1,3.0,6.0,9.0,3.0,0.0,0.0,3.0,1.0,4.7,4.7,3.0,7.7,44.0,135.0,103.0,0.11,0.22,0.33,0.11,0.33,0.21,0.14,0.34,0.21,0.34,2x Premier League Champion,,,,,,,2.9,57.15,92.7%,5.97,1.9,4.45,1.95,0.39,1.21,0.48,0.73,,,,,,,,Curtis Jones,Central Midfield,30.01.2001 (24),"1,85m",right,€45.00m,Liverpool,Premier League
Darwin Núñez,uyURU,25,47,2058.0,22.9,7.0,5.0,12.0,7.0,0.0,0.0,9.0,0.0,8.6,8.6,1.8,10.5,35.0,39.0,114.0,0.31,0.22,0.52,0.31,0.52,0.5,0.1,0.6,0.5,0.6,"2x Domestic League Champion, 2021-22 Portuguese Best Player",,,,,,,,,,,,,,,,,,,,,,,,,Darwin Núñez,Centre-Forward,24.06.1999 (26),"1,87m",right,€45.00m,Liverpool,Premier League
Diogo Jota,ptPOR,27,37,1831.0,20.3,9.0,3.0,12.0,9.0,0.0,0.0,2.0,0.0,8.9,8.9,2.0,10.8,39.0,45.0,99.0,0.44,0.15,0.59,0.44,0.59,0.56,0.12,0.68,0.56,0.68,2024-25 Premier League Champion,,,,,,,,,,,,,,,,,,,,,,,,,Diogo Jota,Centre-Forward,04.12.1996 (28),"1,78m",right,€40.00m,Liverpool,Premier League
Caoimhín Kelleher,ieIRL,25,20,1800.0,20.0,0.0,0.0,0.0,0.0,0.0,0.0,0.0,0.0,0.0,0.0,0.0,0.0,0.0,0.0,0.0,0.0,0.0,0.0,0.0,0.0,0.0,0.0,0.0,0.0,0.0,2024-25 Premier League Champion,,,,,,,,,,,,,,,,,,69.5%,0.32,100.0%,46.7%,4.6%,1.27,15.2,Caoimhín Kelleher,Goalkeeper,23.11.1998 (26),"1,88m",right,€20.00m,Liverpool,Premier League
Conor Bradley,nirNIR,21,29,1391.0,15.5,0.0,4.0,4.0,0.0,0.0,0.0,4.0,0.0,1.0,1.0,1.7,2.7,44.0,44.0,54.0,0.0,0.26,0.26,0.0,0.26,0.09,0.15,0.24,0.09,0.24,2024-25 Premier League Champion,4.78,2.12,0.44,1.06,3.19,1.24,,,,,,,,,,,,,,,,,,,Conor Bradley,Right-Back,09.07.2003 (21),"1,81m",right,€30.00m,Liverpool,Premier League
Jarell Quansah,engENG,21,25,1298.0,14.4,0.0,0.0,0.0,0.0,0.0,0.0,3.0,0.0,0.6,0.6,0.1,0.7,5.0,24.0,5.0,0.0,0.0,0.0,0.0,0.0,0.07,0.01,0.09,0.07,0.09,2024-25 Premier League Champion,0.66,1.45,1.32,1.59,4.76,1.06,,,,,,,,,,,,,,,,,,,Jarell Quansah,Centre-Back,29.01.2003 (22),"1,90m",right,€20.00m,Liverpool,Premier League
Wataru Endo,jpJPN,31,32,879.0,9.8,0.0,0.0,0.0,0.0,0.0,0.0,1.0,0.0,0.0,0.0,0.1,0.1,2.0,23.0,10.0,0.0,0.0,0.0,0.0,0.0,0.0,0.01,0.01,0.0,0.01,2024-25 Premier League Champion,,,,,,,,,,,,,,,,,,,,,,,,,Wataru Endo,Defensive Midfield,09.02.1993 (32),"1,78m",right,€8.00m,Liverpool,Premier League
Joe Gomez,engENG,27,17,876.0,9.7,0.0,0.0,0.0,0.0,0.0,0.0,2.0,0.0,0.5,0.5,0.1,0.6,7.0,45.0,5.0,0.0,0.0,0.0,0.0,0.0,0.06,0.02,0.08,0.06,0.08,"2x Premier League Champion, 2018-19 Champions League Champion",0.68,2.05,1.23,1.77,4.09,1.5,,,,,,,,,,,,,,,,,,,Joe Gomez,Centre-Back,23.05.1997 (28),"1,88m",right,€20.00m,Liverpool,Premier League
Harvey Elliott,engENG,21,28,838.0,9.3,5.0,3.0,8.0,5.0,0.0,0.0,4.0,0.0,2.4,2.4,1.1,3.6,13.0,53.0,40.0,0.54,0.32,0.86,0.54,0.86,0.42,0.19,0.61,0.42,0.61,2024-25 Premier League Champion,,,,,,,4.48,64.76,81.5%,8.8,2.16,6.64,0.83,0.66,1.33,0.83,0.17,,,,,,,,Harvey Elliott,Attacking Midfield,04.04.2003 (22),"1,70m",left,€30.00m,Liverpool,Premier League
Federico Chiesa,itITA,26,14,470.0,5.2,2.0,1.0,3.0,2.0,0.0,0.0,1.0,0.0,0.5,0.5,0.2,0.7,7.0,7.0,20.0,0.38,0.19,0.57,0.38,0.57,0.21,0.07,0.28,0.21,0.28,2024-25 Premier League Champion,,,,,,,,,,,,,,,,,,,,,,,,,Federico Chiesa,Right Winger,25.10.1997 (27),"1,75m",right,€14.00m,Liverpool,Premier League
Tyler Morton,engENG,21,5,260.0,2.9,0.0,1.0,1.0,0.0,0.0,0.0,1.0,0.0,0.0,0.0,0.0,0.0,1.0,2.0,0.0,0.0,0.35,0.35,0.0,0.35,0.08,0.0,0.08,0.08,0.08,,,,,,,,,,,,,,,,,,,,,,,,,,Tyler Morton,Defensive Midfield,31.10.2002 (22),"1,85m",right,€7.00m,Liverpool,Premier League
James McConnell,engENG,19,4,239.0,2.7,0.0,0.0,0.0,0.0,0.0,0.0,1.0,0.0,0.0,0.0,0.0,0.0,3.0,5.0,1.0,0.0,0.0,0.0,0.0,0.0,0.0,0.0,0.0,0.0,0.0,,,,,,,,,,,,,,,,,,,,,,,,,,James McConnell,Central Midfield,13.09.2004 (20),-,,€2.00m,Liverpool,Premier League
Trey Nyoni,engENG,17,5,226.0,2.5,0.0,1.0,1.0,0.0,0.0,0.0,1.0,0.0,0.0,0.0,0.0,0.0,0.0,1.0,1.0,0.0,0.4,0.4,0.0,0.4,0.0,0.0,0.0,0.0,0.0,,,,,,,,,,,,,,,,,,,,,,,,,,Trey Nyoni,Central Midfield,30.06.2007 (18),"1,80m",right,€4.50m,Liverpool,Premier League
Jayden Danns,engENG,18,4,117.0,1.3,1.0,0.0,1.0,1.0,0.0,0.0,0.0,0.0,0.1,0.1,0.0,0.1,1.0,3.0,0.0,0.77,0.0,0.77,0.77,0.77,0.07,0.0,0.07,0.07,0.07,,,,,,,,,,,,,,,,,,,,,,,,,,Jayden Danns,Centre-Forward,16.01.2006 (19),"1,83m",right,€800k,Liverpool,Premier League
Vitezslav Jaros,czCZE,23,2,102.0,1.1,0.0,0.0,0.0,0.0,0.0,0.0,0.0,0.0,0.0,0.0,0.0,0.0,0.0,0.0,0.0,0.0,0.0,0.0,0.0,0.0,0.0,0.0,0.0,0.0,0.0,2023-24 Austrian Bundesliga Champion,,,,,,,,,,,,,,,,,,,,,,,,,Vitezslav Jaros,Goalkeeper,23.07.2001 (23),"1,90m",right,€4.00m,Liverpool,Premier League
Rio Ngumoha,engENG,15,1,71.0,0.8,0.0,0.0,0.0,0.0,0.0,0.0,0.0,0.0,,,,,,,,0.0,0.0,0.0,0.0,0.0,,,,,,,,,,,,,,,,,,,,,,,,,,,,,,,Rio Ngumoha,Left Winger,29.08.2008 (16),"1,70m",right,-,Liverpool,Premier League
Isaac Mabaya,engENG,19,1,47.0,0.5,0.0,0.0,0.0,0.0,0.0,0.0,1.0,0.0,,,,,,,,0.0,0.0,0.0,0.0,0.0,,,,,,,,,,,,,,,,,,,,,,,,,,,,,,,Isaac Mabaya,Right-Back,22.09.2004 (20),-,right,-,Liverpool,Premier League
Amara Nallo,engENG,17,1,4.0,0.0,0.0,0.0,0.0,0.0,0.0,0.0,0.0,1.0,0.0,0.0,0.0,0.0,0.0,0.0,0.0,0.0,0.0,0.0,0.0,0.0,0.0,0.0,0.0,0.0,0.0,,,,,,,,,,,,,,,,,,,,,,,,,,Amara Nallo,Centre-Back,18.11.2006 (18),"1,86m",both,€1.00m,Liverpool,Premier League
Kieran Morrison,nirNIR,17,0,,,,,,,,,,,,,,,,,,,,,,,,,,,,,,,,,,,,,,,,,,,,,,,,,,,,,Kieran Morrison,Attacking Midfield,09.11.2006 (18),"1,80m",left,-,Liverpool,Premier League
Harvey Davies,engENG,20,0,,,,,,,,,,,,,,,,,,,,,,,,,,,,,,,,,,,,,,,,,,,,,,,,,,,,,Harvey Davies,Goalkeeper,03.09.2003 (21),"1,90m",left,€500k,Liverpool,Premier League
James Norris,engENG,21,0,,,,,,,,,,,,,,,,,,,,,,,,,,,,,,,,,,,,,,,,,,,,,,,,,,,,,James Norris,Left-Back,04.04.2003 (22),"1,72m",left,€150k,Liverpool,Premier League
Ranel Young,engENG,18,0,,,,,,,,,,,,,,,,,,,,,,,,,,,,,,,,,,,,,,,,,,,,,,,,,,,,,Ranel Young,Right Winger,26.12.2005 (19),-,,-,Liverpool,Premier League
